State,Plant,Plant,Plant,Plant,Plant,Plant,Plant,Plant,Plant,Plant,Plant,Plant,Plant,Plant,Plant,Plant,Plant,Plant,Plant,Plant,Plant,Plant,Plant,Plant,Plant,Plant,Plant,Plant,Plant,Plant,Plant,Plant,Plant,Plant
Alabama,Jack in the pulpit,Jack in the pulpit,butterfly milkweed,bearded beggarticks,marsh bellflower,red goosefoot,lanceleaf tickseed,showy rattlebox,panicledleaf ticktrefoil,dixie ticktrefoil,clasping coneflower,common sunflower,comfortroot,Caley pea,hairy lespedeza,Virginia water horehound,lanceleaf loosestrife,climbing hempvine,American lotus,yellow passionflower,American pokeweed,upright prairie coneflower,pinnate prairie coneflower,stalkless yellowcress,small white clover,smooth yellow vetch,cowpea,,,,,,,
Alaska,orange agoseris,pale agoseris,western columbine,thrift seapink,chickpea milkvetch,fireweed,red goosefoot,western water hemlock,bunchberry dogwood,Sierra larkspur,darkthroat shootingstar,eightpetal mountain-avens,beach strawberry,woolly geranium,common sunflower,beach pea,arctic lupine,Pacific lupine,Nootka lupine,arrowleaf sweet coltsfoot,curvepod yellowcress,cloudberry,yellow salsify,cows clover,,,,,,,,,,
Arizona,orange agoseris,pale agoseris,showy milkweed,butterfly milkweed,freckled milkvetch,red goosefoot,Missouri gourd,Sierra larkspur,darkthroat shootingstar,American licorice,common sunflower,Nuttall's sunflower,chaparral yucca,Rocky Mountain iris,fernleaf biscuitroot,silvery lupine,tailcup lupine,broadleaf lupine,silky lupine,purple bushbean,rough menodora,broadbeard beardtongue,firecracker penstemon,Rocky Mountain penstemon,Whipple's penstemon,American pokeweed,upright prairie coneflower,curvepod yellowcress,scarlet globemallow,gooseberryleaf globemallow,yellow salsify,salsify,cows clover,banana yucca
Arkansas,Jack in the pulpit,butterfly milkweed,bearded beggarticks,lanceleaf tickseed,showy rattlebox,Missouri gourd,panicledleaf ticktrefoil,dixie ticktrefoil,clasping coneflower,American licorice,common sunflower,Caley pea,hairy lespedeza,Virginia water horehound,lanceleaf loosestrife,climbing hempvine,American lotus,yellow passionflower,American pokeweed,upright prairie coneflower,pinnate prairie coneflower,stalkless yellowcress,yellow salsify,salsify,narrowleaf cattail,cowpea,soapweed yucca,,,,,,,
California,orange agoseris,,,,,,,,,,,,,,,,,,,,,,,,,,,,,,,,,
California,pale agoseris,,,,,,,,,,,,,,,,,,,,,,,,,,,,,,,,,
California,Tolmie's onion,,,,,,,,,,,,,,,,,,,,,,,,,,,,,,,,,
California,Pacific onion,,,,,,,,,,,,,,,,,,,,,,,,,,,,,,,,,
California,rush pussytoes,,,,,,,,,,,,,,,,,,,,,,,,,,,,,,,,,
California,western columbine,,,,,,,,,,,,,,,,,,,,,,,,,,,,,,,,,
California,thrift seapink,,,,,,,,,,,,,,,,,,,,,,,,,,,,,,,,,
California,showy milkweed,,,,,,,,,,,,,,,,,,,,,,,,,,,,,,,,,
California,butterfly milkweed,,,,,,,,,,,,,,,,,,,,,,,,,,,,,,,,,
California,purple milkvetch,,,,,,,,,,,,,,,,,,,,,,,,,,,,,,,,,
California,chickpea milkvetch,,,,,,,,,,,,,,,,,,,,,,,,,,,,,,,,,
California,curvepod milkvetch,,,,,,,,,,,,,,,,,,,,,,,,,,,,,,,,,
California,freckled milkvetch,,,,,,,,,,,,,,,,,,,,,,,,,,,,,,,,,
California,red goosefoot,,,,,,,,,,,,,,,,,,,,,,,,,,,,,,,,,
California,western water hemlock,,,,,,,,,,,,,,,,,,,,,,,,,,,,,,,,,
California,lanceleaf tickseed,,,,,,,,,,,,,,,,,,,,,,,,,,,,,,,,,
California,Missouri gourd,,,,,,,,,,,,,,,,,,,,,,,,,,,,,,,,,
California,Sierra larkspur,,,,,,,,,,,,,,,,,,,,,,,,,,,,,,,,,
California,darkthroat shootingstar,,,,,,,,,,,,,,,,,,,,,,,,,,,,,,,,,
California,longbeak stork's bill,,,,,,,,,,,,,,,,,,,,,,,,,,,,,,,,,
California,beach strawberry,,,,,,,,,,,,,,,,,,,,,,,,,,,,,,,,,
California,Oregon geranium,,,,,,,,,,,,,,,,,,,,,,,,,,,,,,,,,
California,sticky purple geranium,,,,,,,,,,,,,,,,,,,,,,,,,,,,,,,,,
California,American licorice,,,,,,,,,,,,,,,,,,,,,,,,,,,,,,,,,
California,common sunflower,,,,,,,,,,,,,,,,,,,,,,,,,,,,,,,,,
California,Nuttall's sunflower,,,,,,,,,,,,,,,,,,,,,,,,,,,,,,,,,
California,chaparral yucca,,,,,,,,,,,,,,,,,,,,,,,,,,,,,,,,,
California,scarlet gilia,,,,,,,,,,,,,,,,,,,,,,,,,,,,,,,,,
California,Rocky Mountain iris,,,,,,,,,,,,,,,,,,,,,,,,,,,,,,,,,
California,Caley pea,,,,,,,,,,,,,,,,,,,,,,,,,,,,,,,,,
California,beach pea,,,,,,,,,,,,,,,,,,,,,,,,,,,,,,,,,
California,silky beach pea,,,,,,,,,,,,,,,,,,,,,,,,,,,,,,,,,
California,fernleaf biscuitroot,,,,,,,,,,,,,,,,,,,,,,,,,,,,,,,,,
California,sicklekeel lupine,,,,,,,,,,,,,,,,,,,,,,,,,,,,,,,,,
California,silvery lupine,,,,,,,,,,,,,,,,,,,,,,,,,,,,,,,,,
California,tailcup lupine,,,,,,,,,,,,,,,,,,,,,,,,,,,,,,,,,
California,shaggy lupine,,,,,,,,,,,,,,,,,,,,,,,,,,,,,,,,,
California,broadleaf lupine,,,,,,,,,,,,,,,,,,,,,,,,,,,,,,,,,
California,rough menodora,,,,,,,,,,,,,,,,,,,,,,,,,,,,,,,,,
California,nodding microseris,,,,,,,,,,,,,,,,,,,,,,,,,,,,,,,,,
California,American lotus,,,,,,,,,,,,,,,,,,,,,,,,,,,,,,,,,
California,Hooker's evening primrose,,,,,,,,,,,,,,,,,,,,,,,,,,,,,,,,,
California,firecracker penstemon,,,,,,,,,,,,,,,,,,,,,,,,,,,,,,,,,
California,Rocky Mountain penstemon,,,,,,,,,,,,,,,,,,,,,,,,,,,,,,,,,
California,Venus penstemon,,,,,,,,,,,,,,,,,,,,,,,,,,,,,,,,,
California,American pokeweed,,,,,,,,,,,,,,,,,,,,,,,,,,,,,,,,,
California,Davis' knotweed,,,,,,,,,,,,,,,,,,,,,,,,,,,,,,,,,
California,upright prairie coneflower,,,,,,,,,,,,,,,,,,,,,,,,,,,,,,,,,
California,curvepod yellowcress,,,,,,,,,,,,,,,,,,,,,,,,,,,,,,,,,
California,gooseberryleaf globemallow,,,,,,,,,,,,,,,,,,,,,,,,,,,,,,,,,
California,yellow salsify,,,,,,,,,,,,,,,,,,,,,,,,,,,,,,,,,
California,salsify,,,,,,,,,,,,,,,,,,,,,,,,,,,,,,,,,
California,cows clover,,,,,,,,,,,,,,,,,,,,,,,,,,,,,,,,,
California,narrowleaf cattail,,,,,,,,,,,,,,,,,,,,,,,,,,,,,,,,,
California,purple vetch,,,,,,,,,,,,,,,,,,,,,,,,,,,,,,,,,
California,smooth yellow vetch,,,,,,,,,,,,,,,,,,,,,,,,,,,,,,,,,
California,banana yucca,,,,,,,,,,,,,,,,,,,,,,,,,,,,,,,,,
Colorado,orange agoseris,,,,,,,,,,,,,,,,,,,,,,,,,,,,,,,,,
Colorado,pale agoseris,,,,,,,,,,,,,,,,,,,,,,,,,,,,,,,,,
Colorado,textile onion,,,,,,,,,,,,,,,,,,,,,,,,,,,,,,,,,
Colorado,rush pussytoes,,,,,,,,,,,,,,,,,,,,,,,,,,,,,,,,,
Colorado,wild sarsaparilla,,,,,,,,,,,,,,,,,,,,,,,,,,,,,,,,,
Colorado,crested pricklypoppy,,,,,,,,,,,,,,,,,,,,,,,,,,,,,,,,,
Colorado,thrift seapink,,,,,,,,,,,,,,,,,,,,,,,,,,,,,,,,,
Colorado,showy milkweed,,,,,,,,,,,,,,,,,,,,,,,,,,,,,,,,,
Colorado,butterfly milkweed,,,,,,,,,,,,,,,,,,,,,,,,,,,,,,,,,
Colorado,purple milkvetch,,,,,,,,,,,,,,,,,,,,,,,,,,,,,,,,,
Colorado,chickpea milkvetch,,,,,,,,,,,,,,,,,,,,,,,,,,,,,,,,,
Colorado,freckled milkvetch,,,,,,,,,,,,,,,,,,,,,,,,,,,,,,,,,
Colorado,bearded beggarticks,,,,,,,,,,,,,,,,,,,,,,,,,,,,,,,,,
Colorado,marsh bellflower,,,,,,,,,,,,,,,,,,,,,,,,,,,,,,,,,
Colorado,fireweed,,,,,,,,,,,,,,,,,,,,,,,,,,,,,,,,,
Colorado,red goosefoot,,,,,,,,,,,,,,,,,,,,,,,,,,,,,,,,,
Colorado,lanceleaf tickseed,,,,,,,,,,,,,,,,,,,,,,,,,,,,,,,,,
Colorado,bunchberry dogwood,,,,,,,,,,,,,,,,,,,,,,,,,,,,,,,,,
Colorado,Missouri gourd,,,,,,,,,,,,,,,,,,,,,,,,,,,,,,,,,
Colorado,Sierra larkspur,,,,,,,,,,,,,,,,,,,,,,,,,,,,,,,,,
Colorado,darkthroat shootingstar,,,,,,,,,,,,,,,,,,,,,,,,,,,,,,,,,
Colorado,eightpetal mountain-avens,,,,,,,,,,,,,,,,,,,,,,,,,,,,,,,,,
Colorado,sticky purple geranium,,,,,,,,,,,,,,,,,,,,,,,,,,,,,,,,,
Colorado,American licorice,,,,,,,,,,,,,,,,,,,,,,,,,,,,,,,,,
Colorado,common sunflower,,,,,,,,,,,,,,,,,,,,,,,,,,,,,,,,,
Colorado,Nuttall's sunflower,,,,,,,,,,,,,,,,,,,,,,,,,,,,,,,,,
Colorado,scarlet gilia,,,,,,,,,,,,,,,,,,,,,,,,,,,,,,,,,
Colorado,Rocky Mountain iris,,,,,,,,,,,,,,,,,,,,,,,,,,,,,,,,,
Colorado,fernleaf biscuitroot,,,,,,,,,,,,,,,,,,,,,,,,,,,,,,,,,
Colorado,silvery lupine,,,,,,,,,,,,,,,,,,,,,,,,,,,,,,,,,
Colorado,tailcup lupine,,,,,,,,,,,,,,,,,,,,,,,,,,,,,,,,,
Colorado,silky lupine,,,,,,,,,,,,,,,,,,,,,,,,,,,,,,,,,
Colorado,rough menodora,,,,,,,,,,,,,,,,,,,,,,,,,,,,,,,,,
Colorado,nodding microseris,,,,,,,,,,,,,,,,,,,,,,,,,,,,,,,,,
Colorado,broadbeard beardtongue,,,,,,,,,,,,,,,,,,,,,,,,,,,,,,,,,
Colorado,firecracker penstemon,,,,,,,,,,,,,,,,,,,,,,,,,,,,,,,,,
Colorado,Rocky Mountain penstemon,,,,,,,,,,,,,,,,,,,,,,,,,,,,,,,,,
Colorado,Whipple's penstemon,,,,,,,,,,,,,,,,,,,,,,,,,,,,,,,,,
Colorado,arrowleaf sweet coltsfoot,,,,,,,,,,,,,,,,,,,,,,,,,,,,,,,,,
Colorado,upright prairie coneflower,,,,,,,,,,,,,,,,,,,,,,,,,,,,,,,,,
Colorado,scarlet globemallow,,,,,,,,,,,,,,,,,,,,,,,,,,,,,,,,,
Colorado,yellow salsify,,,,,,,,,,,,,,,,,,,,,,,,,,,,,,,,,
Colorado,salsify,,,,,,,,,,,,,,,,,,,,,,,,,,,,,,,,,
Colorado,cows clover,,,,,,,,,,,,,,,,,,,,,,,,,,,,,,,,,
Colorado,narrowleaf cattail,,,,,,,,,,,,,,,,,,,,,,,,,,,,,,,,,
Colorado,banana yucca,,,,,,,,,,,,,,,,,,,,,,,,,,,,,,,,,
Colorado,soapweed yucca,,,,,,,,,,,,,,,,,,,,,,,,,,,,,,,,,
Connecticut,wild sarsaparilla,,,,,,,,,,,,,,,,,,,,,,,,,,,,,,,,,
Connecticut,Jack in the pulpit,,,,,,,,,,,,,,,,,,,,,,,,,,,,,,,,,
Connecticut,butterfly milkweed,,,,,,,,,,,,,,,,,,,,,,,,,,,,,,,,,
Connecticut,bearded beggarticks,,,,,,,,,,,,,,,,,,,,,,,,,,,,,,,,,
Connecticut,marsh bellflower,,,,,,,,,,,,,,,,,,,,,,,,,,,,,,,,,
Connecticut,red goosefoot,,,,,,,,,,,,,,,,,,,,,,,,,,,,,,,,,
Connecticut,lanceleaf tickseed,,,,,,,,,,,,,,,,,,,,,,,,,,,,,,,,,
Connecticut,bunchberry dogwood,,,,,,,,,,,,,,,,,,,,,,,,,,,,,,,,,
Connecticut,panicledleaf ticktrefoil,,,,,,,,,,,,,,,,,,,,,,,,,,,,,,,,,
Connecticut,American licorice,,,,,,,,,,,,,,,,,,,,,,,,,,,,,,,,,
Connecticut,common sunflower,,,,,,,,,,,,,,,,,,,,,,,,,,,,,,,,,
Connecticut,beach pea,,,,,,,,,,,,,,,,,,,,,,,,,,,,,,,,,
Connecticut,hairy lespedeza,,,,,,,,,,,,,,,,,,,,,,,,,,,,,,,,,
Connecticut,Virginia water horehound,,,,,,,,,,,,,,,,,,,,,,,,,,,,,,,,,
Connecticut,lanceleaf loosestrife,,,,,,,,,,,,,,,,,,,,,,,,,,,,,,,,,
Connecticut,climbing hempvine,,,,,,,,,,,,,,,,,,,,,,,,,,,,,,,,,
Connecticut,American lotus,,,,,,,,,,,,,,,,,,,,,,,,,,,,,,,,,
Connecticut,American pokeweed,,,,,,,,,,,,,,,,,,,,,,,,,,,,,,,,,
Connecticut,upright prairie coneflower,,,,,,,,,,,,,,,,,,,,,,,,,,,,,,,,,
Connecticut,pinnate prairie coneflower,,,,,,,,,,,,,,,,,,,,,,,,,,,,,,,,,
Connecticut,yellow salsify,,,,,,,,,,,,,,,,,,,,,,,,,,,,,,,,,
Connecticut,salsify,,,,,,,,,,,,,,,,,,,,,,,,,,,,,,,,,
Connecticut,narrowleaf cattail,,,,,,,,,,,,,,,,,,,,,,,,,,,,,,,,,
Delaware,wild sarsaparilla,,,,,,,,,,,,,,,,,,,,,,,,,,,,,,,,,
Delaware,Jack in the pulpit,,,,,,,,,,,,,,,,,,,,,,,,,,,,,,,,,
Delaware,butterfly milkweed,,,,,,,,,,,,,,,,,,,,,,,,,,,,,,,,,
Delaware,bearded beggarticks,,,,,,,,,,,,,,,,,,,,,,,,,,,,,,,,,
Delaware,marsh bellflower,,,,,,,,,,,,,,,,,,,,,,,,,,,,,,,,,
Delaware,lanceleaf tickseed,,,,,,,,,,,,,,,,,,,,,,,,,,,,,,,,,
Delaware,panicledleaf ticktrefoil,,,,,,,,,,,,,,,,,,,,,,,,,,,,,,,,,
Delaware,common sunflower,,,,,,,,,,,,,,,,,,,,,,,,,,,,,,,,,
Delaware,hairy lespedeza,,,,,,,,,,,,,,,,,,,,,,,,,,,,,,,,,
Delaware,Virginia water horehound,,,,,,,,,,,,,,,,,,,,,,,,,,,,,,,,,
Delaware,climbing hempvine,,,,,,,,,,,,,,,,,,,,,,,,,,,,,,,,,
Delaware,American lotus,,,,,,,,,,,,,,,,,,,,,,,,,,,,,,,,,
Delaware,yellow passionflower,,,,,,,,,,,,,,,,,,,,,,,,,,,,,,,,,
Delaware,American pokeweed,,,,,,,,,,,,,,,,,,,,,,,,,,,,,,,,,
Delaware,yellow salsify,,,,,,,,,,,,,,,,,,,,,,,,,,,,,,,,,
Delaware,salsify,,,,,,,,,,,,,,,,,,,,,,,,,,,,,,,,,
Delaware,narrowleaf cattail,,,,,,,,,,,,,,,,,,,,,,,,,,,,,,,,,
Delaware,cowpea,,,,,,,,,,,,,,,,,,,,,,,,,,,,,,,,,
Florida,Jack in the pulpit,,,,,,,,,,,,,,,,,,,,,,,,,,,,,,,,,
Florida,butterfly milkweed,,,,,,,,,,,,,,,,,,,,,,,,,,,,,,,,,
Florida,pinguin,,,,,,,,,,,,,,,,,,,,,,,,,,,,,,,,,
Florida,lanceleaf tickseed,,,,,,,,,,,,,,,,,,,,,,,,,,,,,,,,,
Florida,sunn hemp,,,,,,,,,,,,,,,,,,,,,,,,,,,,,,,,,
Florida,showy rattlebox,,,,,,,,,,,,,,,,,,,,,,,,,,,,,,,,,
Florida,Missouri gourd,,,,,,,,,,,,,,,,,,,,,,,,,,,,,,,,,
Florida,panicledleaf ticktrefoil,,,,,,,,,,,,,,,,,,,,,,,,,,,,,,,,,
Florida,dixie ticktrefoil,,,,,,,,,,,,,,,,,,,,,,,,,,,,,,,,,
Florida,clasping coneflower,,,,,,,,,,,,,,,,,,,,,,,,,,,,,,,,,
Florida,common sunflower,,,,,,,,,,,,,,,,,,,,,,,,,,,,,,,,,
Florida,comfortroot,,,,,,,,,,,,,,,,,,,,,,,,,,,,,,,,,
Florida,hyacinthbean,,,,,,,,,,,,,,,,,,,,,,,,,,,,,,,,,
Florida,Caley pea,,,,,,,,,,,,,,,,,,,,,,,,,,,,,,,,,
Florida,hairy lespedeza,,,,,,,,,,,,,,,,,,,,,,,,,,,,,,,,,
Florida,white lupine,,,,,,,,,,,,,,,,,,,,,,,,,,,,,,,,,
Florida,narrowleaf lupine,,,,,,,,,,,,,,,,,,,,,,,,,,,,,,,,,
Florida,European yellow lupine,,,,,,,,,,,,,,,,,,,,,,,,,,,,,,,,,
Florida,Virginia water horehound,,,,,,,,,,,,,,,,,,,,,,,,,,,,,,,,,
Florida,lanceleaf loosestrife,,,,,,,,,,,,,,,,,,,,,,,,,,,,,,,,,
Florida,purple bushbean,,,,,,,,,,,,,,,,,,,,,,,,,,,,,,,,,
Florida,climbing hempvine,,,,,,,,,,,,,,,,,,,,,,,,,,,,,,,,,
Florida,American lotus,,,,,,,,,,,,,,,,,,,,,,,,,,,,,,,,,
Florida,yellow passionflower,,,,,,,,,,,,,,,,,,,,,,,,,,,,,,,,,
Florida,American pokeweed,,,,,,,,,,,,,,,,,,,,,,,,,,,,,,,,,
Florida,upright prairie coneflower,,,,,,,,,,,,,,,,,,,,,,,,,,,,,,,,,
Florida,pinnate prairie coneflower,,,,,,,,,,,,,,,,,,,,,,,,,,,,,,,,,
Florida,stalkless yellowcress,,,,,,,,,,,,,,,,,,,,,,,,,,,,,,,,,
Florida,small white clover,,,,,,,,,,,,,,,,,,,,,,,,,,,,,,,,,
Florida,cowpea,,,,,,,,,,,,,,,,,,,,,,,,,,,,,,,,,
Georgia,wild sarsaparilla,,,,,,,,,,,,,,,,,,,,,,,,,,,,,,,,,
Georgia,Jack in the pulpit,,,,,,,,,,,,,,,,,,,,,,,,,,,,,,,,,
Georgia,butterfly milkweed,,,,,,,,,,,,,,,,,,,,,,,,,,,,,,,,,
Georgia,bearded beggarticks,,,,,,,,,,,,,,,,,,,,,,,,,,,,,,,,,
Georgia,marsh bellflower,,,,,,,,,,,,,,,,,,,,,,,,,,,,,,,,,
Georgia,lanceleaf tickseed,,,,,,,,,,,,,,,,,,,,,,,,,,,,,,,,,
Georgia,showy rattlebox,,,,,,,,,,,,,,,,,,,,,,,,,,,,,,,,,
Georgia,panicledleaf ticktrefoil,,,,,,,,,,,,,,,,,,,,,,,,,,,,,,,,,
Georgia,dixie ticktrefoil,,,,,,,,,,,,,,,,,,,,,,,,,,,,,,,,,
Georgia,clasping coneflower,,,,,,,,,,,,,,,,,,,,,,,,,,,,,,,,,
Georgia,common sunflower,,,,,,,,,,,,,,,,,,,,,,,,,,,,,,,,,
Georgia,comfortroot,,,,,,,,,,,,,,,,,,,,,,,,,,,,,,,,,
Georgia,hyacinthbean,,,,,,,,,,,,,,,,,,,,,,,,,,,,,,,,,
Georgia,Caley pea,,,,,,,,,,,,,,,,,,,,,,,,,,,,,,,,,
Georgia,hairy lespedeza,,,,,,,,,,,,,,,,,,,,,,,,,,,,,,,,,
Georgia,narrowleaf lupine,,,,,,,,,,,,,,,,,,,,,,,,,,,,,,,,,
Georgia,Virginia water horehound,,,,,,,,,,,,,,,,,,,,,,,,,,,,,,,,,
Georgia,lanceleaf loosestrife,,,,,,,,,,,,,,,,,,,,,,,,,,,,,,,,,
Georgia,climbing hempvine,,,,,,,,,,,,,,,,,,,,,,,,,,,,,,,,,
Georgia,American lotus,,,,,,,,,,,,,,,,,,,,,,,,,,,,,,,,,
Georgia,yellow passionflower,,,,,,,,,,,,,,,,,,,,,,,,,,,,,,,,,
Georgia,American pokeweed,,,,,,,,,,,,,,,,,,,,,,,,,,,,,,,,,
Georgia,upright prairie coneflower,,,,,,,,,,,,,,,,,,,,,,,,,,,,,,,,,
Georgia,pinnate prairie coneflower,,,,,,,,,,,,,,,,,,,,,,,,,,,,,,,,,
Georgia,stalkless yellowcress,,,,,,,,,,,,,,,,,,,,,,,,,,,,,,,,,
Georgia,yellow salsify,,,,,,,,,,,,,,,,,,,,,,,,,,,,,,,,,
Georgia,salsify,,,,,,,,,,,,,,,,,,,,,,,,,,,,,,,,,
Georgia,small white clover,,,,,,,,,,,,,,,,,,,,,,,,,,,,,,,,,
Georgia,cowpea,,,,,,,,,,,,,,,,,,,,,,,,,,,,,,,,,
Hawaii,lanceleaf tickseed,,,,,,,,,,,,,,,,,,,,,,,,,,,,,,,,,
Hawaii,sunn hemp,,,,,,,,,,,,,,,,,,,,,,,,,,,,,,,,,
Hawaii,showy rattlebox,,,,,,,,,,,,,,,,,,,,,,,,,,,,,,,,,
Hawaii,dixie ticktrefoil,,,,,,,,,,,,,,,,,,,,,,,,,,,,,,,,,
Hawaii,beach strawberry,,,,,,,,,,,,,,,,,,,,,,,,,,,,,,,,,
Hawaii,common sunflower,,,,,,,,,,,,,,,,,,,,,,,,,,,,,,,,,
Hawaii,hyacinthbean,,,,,,,,,,,,,,,,,,,,,,,,,,,,,,,,,
Hawaii,purple bushbean,,,,,,,,,,,,,,,,,,,,,,,,,,,,,,,,,
Hawaii,salsify,,,,,,,,,,,,,,,,,,,,,,,,,,,,,,,,,
Idaho,orange agoseris,,,,,,,,,,,,,,,,,,,,,,,,,,,,,,,,,
Idaho,pale agoseris,,,,,,,,,,,,,,,,,,,,,,,,,,,,,,,,,
Idaho,Douglas' onion,,,,,,,,,,,,,,,,,,,,,,,,,,,,,,,,,
Idaho,textile onion,,,,,,,,,,,,,,,,,,,,,,,,,,,,,,,,,
Idaho,Tolmie's onion,,,,,,,,,,,,,,,,,,,,,,,,,,,,,,,,,
Idaho,Pacific onion,,,,,,,,,,,,,,,,,,,,,,,,,,,,,,,,,
Idaho,rush pussytoes,,,,,,,,,,,,,,,,,,,,,,,,,,,,,,,,,
Idaho,western columbine,,,,,,,,,,,,,,,,,,,,,,,,,,,,,,,,,
Idaho,wild sarsaparilla,,,,,,,,,,,,,,,,,,,,,,,,,,,,,,,,,
Idaho,crested pricklypoppy,,,,,,,,,,,,,,,,,,,,,,,,,,,,,,,,,
Idaho,showy milkweed,,,,,,,,,,,,,,,,,,,,,,,,,,,,,,,,,
Idaho,purple milkvetch,,,,,,,,,,,,,,,,,,,,,,,,,,,,,,,,,
Idaho,chickpea milkvetch,,,,,,,,,,,,,,,,,,,,,,,,,,,,,,,,,
Idaho,curvepod milkvetch,,,,,,,,,,,,,,,,,,,,,,,,,,,,,,,,,
Idaho,freckled milkvetch,,,,,,,,,,,,,,,,,,,,,,,,,,,,,,,,,
Idaho,red goosefoot,,,,,,,,,,,,,,,,,,,,,,,,,,,,,,,,,
Idaho,western water hemlock,,,,,,,,,,,,,,,,,,,,,,,,,,,,,,,,,
Idaho,bunchberry dogwood,,,,,,,,,,,,,,,,,,,,,,,,,,,,,,,,,
Idaho,Sierra larkspur,,,,,,,,,,,,,,,,,,,,,,,,,,,,,,,,,
Idaho,darkthroat shootingstar,,,,,,,,,,,,,,,,,,,,,,,,,,,,,,,,,
Idaho,eightpetal mountain-avens,,,,,,,,,,,,,,,,,,,,,,,,,,,,,,,,,
Idaho,hidden buckwheat,,,,,,,,,,,,,,,,,,,,,,,,,,,,,,,,,
Idaho,sticky purple geranium,,,,,,,,,,,,,,,,,,,,,,,,,,,,,,,,,
Idaho,American licorice,,,,,,,,,,,,,,,,,,,,,,,,,,,,,,,,,
Idaho,common sunflower,,,,,,,,,,,,,,,,,,,,,,,,,,,,,,,,,
Idaho,Nuttall's sunflower,,,,,,,,,,,,,,,,,,,,,,,,,,,,,,,,,
Idaho,scarlet gilia,,,,,,,,,,,,,,,,,,,,,,,,,,,,,,,,,
Idaho,Rocky Mountain iris,,,,,,,,,,,,,,,,,,,,,,,,,,,,,,,,,
Idaho,fernleaf biscuitroot,,,,,,,,,,,,,,,,,,,,,,,,,,,,,,,,,
Idaho,silvery lupine,,,,,,,,,,,,,,,,,,,,,,,,,,,,,,,,,
Idaho,tailcup lupine,,,,,,,,,,,,,,,,,,,,,,,,,,,,,,,,,
Idaho,silky lupine,,,,,,,,,,,,,,,,,,,,,,,,,,,,,,,,,
Idaho,nodding microseris,,,,,,,,,,,,,,,,,,,,,,,,,,,,,,,,,
Idaho,yellow penstemon,,,,,,,,,,,,,,,,,,,,,,,,,,,,,,,,,
Idaho,firecracker penstemon,,,,,,,,,,,,,,,,,,,,,,,,,,,,,,,,,
Idaho,Venus penstemon,,,,,,,,,,,,,,,,,,,,,,,,,,,,,,,,,
Idaho,Whipple's penstemon,,,,,,,,,,,,,,,,,,,,,,,,,,,,,,,,,
Idaho,arrowleaf sweet coltsfoot,,,,,,,,,,,,,,,,,,,,,,,,,,,,,,,,,
Idaho,Davis' knotweed,,,,,,,,,,,,,,,,,,,,,,,,,,,,,,,,,
Idaho,upright prairie coneflower,,,,,,,,,,,,,,,,,,,,,,,,,,,,,,,,,
Idaho,curvepod yellowcress,,,,,,,,,,,,,,,,,,,,,,,,,,,,,,,,,
Idaho,scarlet globemallow,,,,,,,,,,,,,,,,,,,,,,,,,,,,,,,,,
Idaho,gooseberryleaf globemallow,,,,,,,,,,,,,,,,,,,,,,,,,,,,,,,,,
Idaho,yellow salsify,,,,,,,,,,,,,,,,,,,,,,,,,,,,,,,,,
Idaho,salsify,,,,,,,,,,,,,,,,,,,,,,,,,,,,,,,,,
Idaho,cows clover,,,,,,,,,,,,,,,,,,,,,,,,,,,,,,,,,
Idaho,narrowleaf cattail,,,,,,,,,,,,,,,,,,,,,,,,,,,,,,,,,
Illinois,wild sarsaparilla,,,,,,,,,,,,,,,,,,,,,,,,,,,,,,,,,
Illinois,crested pricklypoppy,,,,,,,,,,,,,,,,,,,,,,,,,,,,,,,,,
Illinois,Jack in the pulpit,,,,,,,,,,,,,,,,,,,,,,,,,,,,,,,,,
Illinois,showy milkweed,,,,,,,,,,,,,,,,,,,,,,,,,,,,,,,,,
Illinois,butterfly milkweed,,,,,,,,,,,,,,,,,,,,,,,,,,,,,,,,,
Illinois,purple milkvetch,,,,,,,,,,,,,,,,,,,,,,,,,,,,,,,,,
Illinois,bearded beggarticks,,,,,,,,,,,,,,,,,,,,,,,,,,,,,,,,,
Illinois,marsh bellflower,,,,,,,,,,,,,,,,,,,,,,,,,,,,,,,,,
Illinois,red goosefoot,,,,,,,,,,,,,,,,,,,,,,,,,,,,,,,,,
Illinois,lanceleaf tickseed,,,,,,,,,,,,,,,,,,,,,,,,,,,,,,,,,
Illinois,bunchberry dogwood,,,,,,,,,,,,,,,,,,,,,,,,,,,,,,,,,
Illinois,showy rattlebox,,,,,,,,,,,,,,,,,,,,,,,,,,,,,,,,,
Illinois,Missouri gourd,,,,,,,,,,,,,,,,,,,,,,,,,,,,,,,,,
Illinois,panicledleaf ticktrefoil,,,,,,,,,,,,,,,,,,,,,,,,,,,,,,,,,
Illinois,clasping coneflower,,,,,,,,,,,,,,,,,,,,,,,,,,,,,,,,,
Illinois,American licorice,,,,,,,,,,,,,,,,,,,,,,,,,,,,,,,,,
Illinois,common sunflower,,,,,,,,,,,,,,,,,,,,,,,,,,,,,,,,,
Illinois,Caley pea,,,,,,,,,,,,,,,,,,,,,,,,,,,,,,,,,
Illinois,beach pea,,,,,,,,,,,,,,,,,,,,,,,,,,,,,,,,,
Illinois,hairy lespedeza,,,,,,,,,,,,,,,,,,,,,,,,,,,,,,,,,
Illinois,Virginia water horehound,,,,,,,,,,,,,,,,,,,,,,,,,,,,,,,,,
Illinois,lanceleaf loosestrife,,,,,,,,,,,,,,,,,,,,,,,,,,,,,,,,,
Illinois,climbing hempvine,,,,,,,,,,,,,,,,,,,,,,,,,,,,,,,,,
Illinois,American lotus,,,,,,,,,,,,,,,,,,,,,,,,,,,,,,,,,
Illinois,yellow passionflower,,,,,,,,,,,,,,,,,,,,,,,,,,,,,,,,,
Illinois,American pokeweed,,,,,,,,,,,,,,,,,,,,,,,,,,,,,,,,,
Illinois,upright prairie coneflower,,,,,,,,,,,,,,,,,,,,,,,,,,,,,,,,,
Illinois,pinnate prairie coneflower,,,,,,,,,,,,,,,,,,,,,,,,,,,,,,,,,
Illinois,stalkless yellowcress,,,,,,,,,,,,,,,,,,,,,,,,,,,,,,,,,
Illinois,yellow salsify,,,,,,,,,,,,,,,,,,,,,,,,,,,,,,,,,
Illinois,salsify,,,,,,,,,,,,,,,,,,,,,,,,,,,,,,,,,
Illinois,narrowleaf cattail,,,,,,,,,,,,,,,,,,,,,,,,,,,,,,,,,
Illinois,cowpea,,,,,,,,,,,,,,,,,,,,,,,,,,,,,,,,,
Indiana,wild sarsaparilla,,,,,,,,,,,,,,,,,,,,,,,,,,,,,,,,,
Indiana,crested pricklypoppy,,,,,,,,,,,,,,,,,,,,,,,,,,,,,,,,,
Indiana,Jack in the pulpit,,,,,,,,,,,,,,,,,,,,,,,,,,,,,,,,,
Indiana,butterfly milkweed,,,,,,,,,,,,,,,,,,,,,,,,,,,,,,,,,
Indiana,chickpea milkvetch,,,,,,,,,,,,,,,,,,,,,,,,,,,,,,,,,
Indiana,bearded beggarticks,,,,,,,,,,,,,,,,,,,,,,,,,,,,,,,,,
Indiana,marsh bellflower,,,,,,,,,,,,,,,,,,,,,,,,,,,,,,,,,
Indiana,fireweed,,,,,,,,,,,,,,,,,,,,,,,,,,,,,,,,,
Indiana,lanceleaf tickseed,,,,,,,,,,,,,,,,,,,,,,,,,,,,,,,,,
Indiana,bunchberry dogwood,,,,,,,,,,,,,,,,,,,,,,,,,,,,,,,,,
Indiana,Missouri gourd,,,,,,,,,,,,,,,,,,,,,,,,,,,,,,,,,
Indiana,panicledleaf ticktrefoil,,,,,,,,,,,,,,,,,,,,,,,,,,,,,,,,,
Indiana,American licorice,,,,,,,,,,,,,,,,,,,,,,,,,,,,,,,,,
Indiana,common sunflower,,,,,,,,,,,,,,,,,,,,,,,,,,,,,,,,,
Indiana,beach pea,,,,,,,,,,,,,,,,,,,,,,,,,,,,,,,,,
Indiana,hairy lespedeza,,,,,,,,,,,,,,,,,,,,,,,,,,,,,,,,,
Indiana,Virginia water horehound,,,,,,,,,,,,,,,,,,,,,,,,,,,,,,,,,
Indiana,lanceleaf loosestrife,,,,,,,,,,,,,,,,,,,,,,,,,,,,,,,,,
Indiana,climbing hempvine,,,,,,,,,,,,,,,,,,,,,,,,,,,,,,,,,
Indiana,American lotus,,,,,,,,,,,,,,,,,,,,,,,,,,,,,,,,,
Indiana,yellow passionflower,,,,,,,,,,,,,,,,,,,,,,,,,,,,,,,,,
Indiana,American pokeweed,,,,,,,,,,,,,,,,,,,,,,,,,,,,,,,,,
Indiana,upright prairie coneflower,,,,,,,,,,,,,,,,,,,,,,,,,,,,,,,,,
Indiana,pinnate prairie coneflower,,,,,,,,,,,,,,,,,,,,,,,,,,,,,,,,,
Indiana,stalkless yellowcress,,,,,,,,,,,,,,,,,,,,,,,,,,,,,,,,,
Indiana,yellow salsify,,,,,,,,,,,,,,,,,,,,,,,,,,,,,,,,,
Indiana,salsify,,,,,,,,,,,,,,,,,,,,,,,,,,,,,,,,,
Indiana,narrowleaf cattail,,,,,,,,,,,,,,,,,,,,,,,,,,,,,,,,,
Indiana,cowpea,,,,,,,,,,,,,,,,,,,,,,,,,,,,,,,,,
Iowa,pale agoseris,,,,,,,,,,,,,,,,,,,,,,,,,,,,,,,,,
Iowa,textile onion,,,,,,,,,,,,,,,,,,,,,,,,,,,,,,,,,
Iowa,wild sarsaparilla,,,,,,,,,,,,,,,,,,,,,,,,,,,,,,,,,
Iowa,crested pricklypoppy,,,,,,,,,,,,,,,,,,,,,,,,,,,,,,,,,
Iowa,Jack in the pulpit,,,,,,,,,,,,,,,,,,,,,,,,,,,,,,,,,
Iowa,showy milkweed,,,,,,,,,,,,,,,,,,,,,,,,,,,,,,,,,
Iowa,butterfly milkweed,,,,,,,,,,,,,,,,,,,,,,,,,,,,,,,,,
Iowa,purple milkvetch,,,,,,,,,,,,,,,,,,,,,,,,,,,,,,,,,
Iowa,bearded beggarticks,,,,,,,,,,,,,,,,,,,,,,,,,,,,,,,,,
Iowa,marsh bellflower,,,,,,,,,,,,,,,,,,,,,,,,,,,,,,,,,
Iowa,red goosefoot,,,,,,,,,,,,,,,,,,,,,,,,,,,,,,,,,
Iowa,lanceleaf tickseed,,,,,,,,,,,,,,,,,,,,,,,,,,,,,,,,,
Iowa,bunchberry dogwood,,,,,,,,,,,,,,,,,,,,,,,,,,,,,,,,,
Iowa,Missouri gourd,,,,,,,,,,,,,,,,,,,,,,,,,,,,,,,,,
Iowa,panicledleaf ticktrefoil,,,,,,,,,,,,,,,,,,,,,,,,,,,,,,,,,
Iowa,American licorice,,,,,,,,,,,,,,,,,,,,,,,,,,,,,,,,,
Iowa,common sunflower,,,,,,,,,,,,,,,,,,,,,,,,,,,,,,,,,
Iowa,Nuttall's sunflower,,,,,,,,,,,,,,,,,,,,,,,,,,,,,,,,,
Iowa,Virginia water horehound,,,,,,,,,,,,,,,,,,,,,,,,,,,,,,,,,
Iowa,lanceleaf loosestrife,,,,,,,,,,,,,,,,,,,,,,,,,,,,,,,,,
Iowa,American lotus,,,,,,,,,,,,,,,,,,,,,,,,,,,,,,,,,
Iowa,American pokeweed,,,,,,,,,,,,,,,,,,,,,,,,,,,,,,,,,
Iowa,upright prairie coneflower,,,,,,,,,,,,,,,,,,,,,,,,,,,,,,,,,
Iowa,pinnate prairie coneflower,,,,,,,,,,,,,,,,,,,,,,,,,,,,,,,,,
Iowa,stalkless yellowcress,,,,,,,,,,,,,,,,,,,,,,,,,,,,,,,,,
Iowa,scarlet globemallow,,,,,,,,,,,,,,,,,,,,,,,,,,,,,,,,,
Iowa,yellow salsify,,,,,,,,,,,,,,,,,,,,,,,,,,,,,,,,,
Iowa,salsify,,,,,,,,,,,,,,,,,,,,,,,,,,,,,,,,,
Iowa,narrowleaf cattail,,,,,,,,,,,,,,,,,,,,,,,,,,,,,,,,,
Iowa,soapweed yucca,,,,,,,,,,,,,,,,,,,,,,,,,,,,,,,,,
Kansas,pale agoseris,,,,,,,,,,,,,,,,,,,,,,,,,,,,,,,,,
Kansas,textile onion,,,,,,,,,,,,,,,,,,,,,,,,,,,,,,,,,
Kansas,crested pricklypoppy,,,,,,,,,,,,,,,,,,,,,,,,,,,,,,,,,
Kansas,Jack in the pulpit,,,,,,,,,,,,,,,,,,,,,,,,,,,,,,,,,
Kansas,showy milkweed,,,,,,,,,,,,,,,,,,,,,,,,,,,,,,,,,
Kansas,butterfly milkweed,,,,,,,,,,,,,,,,,,,,,,,,,,,,,,,,,
Kansas,bearded beggarticks,,,,,,,,,,,,,,,,,,,,,,,,,,,,,,,,,
Kansas,red goosefoot,,,,,,,,,,,,,,,,,,,,,,,,,,,,,,,,,
Kansas,lanceleaf tickseed,,,,,,,,,,,,,,,,,,,,,,,,,,,,,,,,,
Kansas,Missouri gourd,,,,,,,,,,,,,,,,,,,,,,,,,,,,,,,,,
Kansas,panicledleaf ticktrefoil,,,,,,,,,,,,,,,,,,,,,,,,,,,,,,,,,
Kansas,clasping coneflower,,,,,,,,,,,,,,,,,,,,,,,,,,,,,,,,,
Kansas,American licorice,,,,,,,,,,,,,,,,,,,,,,,,,,,,,,,,,
Kansas,common sunflower,,,,,,,,,,,,,,,,,,,,,,,,,,,,,,,,,
Kansas,Nuttall's sunflower,,,,,,,,,,,,,,,,,,,,,,,,,,,,,,,,,
Kansas,hairy lespedeza,,,,,,,,,,,,,,,,,,,,,,,,,,,,,,,,,
Kansas,silvery lupine,,,,,,,,,,,,,,,,,,,,,,,,,,,,,,,,,
Kansas,Virginia water horehound,,,,,,,,,,,,,,,,,,,,,,,,,,,,,,,,,
Kansas,American lotus,,,,,,,,,,,,,,,,,,,,,,,,,,,,,,,,,
Kansas,yellow passionflower,,,,,,,,,,,,,,,,,,,,,,,,,,,,,,,,,
Kansas,broadbeard beardtongue,,,,,,,,,,,,,,,,,,,,,,,,,,,,,,,,,
Kansas,American pokeweed,,,,,,,,,,,,,,,,,,,,,,,,,,,,,,,,,
Kansas,upright prairie coneflower,,,,,,,,,,,,,,,,,,,,,,,,,,,,,,,,,
Kansas,pinnate prairie coneflower,,,,,,,,,,,,,,,,,,,,,,,,,,,,,,,,,
Kansas,stalkless yellowcress,,,,,,,,,,,,,,,,,,,,,,,,,,,,,,,,,
Kansas,scarlet globemallow,,,,,,,,,,,,,,,,,,,,,,,,,,,,,,,,,
Kansas,yellow salsify,,,,,,,,,,,,,,,,,,,,,,,,,,,,,,,,,
Kansas,salsify,,,,,,,,,,,,,,,,,,,,,,,,,,,,,,,,,
Kansas,narrowleaf cattail,,,,,,,,,,,,,,,,,,,,,,,,,,,,,,,,,
Kansas,soapweed yucca,,,,,,,,,,,,,,,,,,,,,,,,,,,,,,,,,
Kentucky,wild sarsaparilla,,,,,,,,,,,,,,,,,,,,,,,,,,,,,,,,,
Kentucky,Jack in the pulpit,,,,,,,,,,,,,,,,,,,,,,,,,,,,,,,,,
Kentucky,butterfly milkweed,,,,,,,,,,,,,,,,,,,,,,,,,,,,,,,,,
Kentucky,bearded beggarticks,,,,,,,,,,,,,,,,,,,,,,,,,,,,,,,,,
Kentucky,marsh bellflower,,,,,,,,,,,,,,,,,,,,,,,,,,,,,,,,,
Kentucky,lanceleaf tickseed,,,,,,,,,,,,,,,,,,,,,,,,,,,,,,,,,
Kentucky,showy rattlebox,,,,,,,,,,,,,,,,,,,,,,,,,,,,,,,,,
Kentucky,Missouri gourd,,,,,,,,,,,,,,,,,,,,,,,,,,,,,,,,,
Kentucky,panicledleaf ticktrefoil,,,,,,,,,,,,,,,,,,,,,,,,,,,,,,,,,
Kentucky,common sunflower,,,,,,,,,,,,,,,,,,,,,,,,,,,,,,,,,
Kentucky,Caley pea,,,,,,,,,,,,,,,,,,,,,,,,,,,,,,,,,
Kentucky,hairy lespedeza,,,,,,,,,,,,,,,,,,,,,,,,,,,,,,,,,
Kentucky,Virginia water horehound,,,,,,,,,,,,,,,,,,,,,,,,,,,,,,,,,
Kentucky,lanceleaf loosestrife,,,,,,,,,,,,,,,,,,,,,,,,,,,,,,,,,
Kentucky,climbing hempvine,,,,,,,,,,,,,,,,,,,,,,,,,,,,,,,,,
Kentucky,American lotus,,,,,,,,,,,,,,,,,,,,,,,,,,,,,,,,,
Kentucky,yellow passionflower,,,,,,,,,,,,,,,,,,,,,,,,,,,,,,,,,
Kentucky,American pokeweed,,,,,,,,,,,,,,,,,,,,,,,,,,,,,,,,,
Kentucky,pinnate prairie coneflower,,,,,,,,,,,,,,,,,,,,,,,,,,,,,,,,,
Kentucky,stalkless yellowcress,,,,,,,,,,,,,,,,,,,,,,,,,,,,,,,,,
Kentucky,yellow salsify,,,,,,,,,,,,,,,,,,,,,,,,,,,,,,,,,
Kentucky,salsify,,,,,,,,,,,,,,,,,,,,,,,,,,,,,,,,,
Kentucky,narrowleaf cattail,,,,,,,,,,,,,,,,,,,,,,,,,,,,,,,,,
Louisiana,Jack in the pulpit,,,,,,,,,,,,,,,,,,,,,,,,,,,,,,,,,
Louisiana,butterfly milkweed,,,,,,,,,,,,,,,,,,,,,,,,,,,,,,,,,
Louisiana,bearded beggarticks,,,,,,,,,,,,,,,,,,,,,,,,,,,,,,,,,
Louisiana,lanceleaf tickseed,,,,,,,,,,,,,,,,,,,,,,,,,,,,,,,,,
Louisiana,showy rattlebox,,,,,,,,,,,,,,,,,,,,,,,,,,,,,,,,,
Louisiana,panicledleaf ticktrefoil,,,,,,,,,,,,,,,,,,,,,,,,,,,,,,,,,
Louisiana,dixie ticktrefoil,,,,,,,,,,,,,,,,,,,,,,,,,,,,,,,,,
Louisiana,clasping coneflower,,,,,,,,,,,,,,,,,,,,,,,,,,,,,,,,,
Louisiana,common sunflower,,,,,,,,,,,,,,,,,,,,,,,,,,,,,,,,,
Louisiana,comfortroot,,,,,,,,,,,,,,,,,,,,,,,,,,,,,,,,,
Louisiana,Caley pea,,,,,,,,,,,,,,,,,,,,,,,,,,,,,,,,,
Louisiana,hairy lespedeza,,,,,,,,,,,,,,,,,,,,,,,,,,,,,,,,,
Louisiana,Virginia water horehound,,,,,,,,,,,,,,,,,,,,,,,,,,,,,,,,,
Louisiana,lanceleaf loosestrife,,,,,,,,,,,,,,,,,,,,,,,,,,,,,,,,,
Louisiana,climbing hempvine,,,,,,,,,,,,,,,,,,,,,,,,,,,,,,,,,
Louisiana,American lotus,,,,,,,,,,,,,,,,,,,,,,,,,,,,,,,,,
Louisiana,yellow passionflower,,,,,,,,,,,,,,,,,,,,,,,,,,,,,,,,,
Louisiana,American pokeweed,,,,,,,,,,,,,,,,,,,,,,,,,,,,,,,,,
Louisiana,upright prairie coneflower,,,,,,,,,,,,,,,,,,,,,,,,,,,,,,,,,
Louisiana,pinnate prairie coneflower,,,,,,,,,,,,,,,,,,,,,,,,,,,,,,,,,
Louisiana,stalkless yellowcress,,,,,,,,,,,,,,,,,,,,,,,,,,,,,,,,,
Louisiana,yellow salsify,,,,,,,,,,,,,,,,,,,,,,,,,,,,,,,,,
Louisiana,small white clover,,,,,,,,,,,,,,,,,,,,,,,,,,,,,,,,,
Louisiana,narrowleaf cattail,,,,,,,,,,,,,,,,,,,,,,,,,,,,,,,,,
Louisiana,smooth yellow vetch,,,,,,,,,,,,,,,,,,,,,,,,,,,,,,,,,
Louisiana,cowpea,,,,,,,,,,,,,,,,,,,,,,,,,,,,,,,,,
Maine,wild sarsaparilla,,,,,,,,,,,,,,,,,,,,,,,,,,,,,,,,,
Maine,Jack in the pulpit,,,,,,,,,,,,,,,,,,,,,,,,,,,,,,,,,
Maine,butterfly milkweed,,,,,,,,,,,,,,,,,,,,,,,,,,,,,,,,,
Maine,bearded beggarticks,,,,,,,,,,,,,,,,,,,,,,,,,,,,,,,,,
Maine,marsh bellflower,,,,,,,,,,,,,,,,,,,,,,,,,,,,,,,,,
Maine,red goosefoot,,,,,,,,,,,,,,,,,,,,,,,,,,,,,,,,,
Maine,lanceleaf tickseed,,,,,,,,,,,,,,,,,,,,,,,,,,,,,,,,,
Maine,bunchberry dogwood,,,,,,,,,,,,,,,,,,,,,,,,,,,,,,,,,
Maine,panicledleaf ticktrefoil,,,,,,,,,,,,,,,,,,,,,,,,,,,,,,,,,
Maine,longbeak stork's bill,,,,,,,,,,,,,,,,,,,,,,,,,,,,,,,,,
Maine,American licorice,,,,,,,,,,,,,,,,,,,,,,,,,,,,,,,,,
Maine,common sunflower,,,,,,,,,,,,,,,,,,,,,,,,,,,,,,,,,
Maine,beach pea,,,,,,,,,,,,,,,,,,,,,,,,,,,,,,,,,
Maine,hairy lespedeza,,,,,,,,,,,,,,,,,,,,,,,,,,,,,,,,,
Maine,narrowleaf lupine,,,,,,,,,,,,,,,,,,,,,,,,,,,,,,,,,
Maine,Virginia water horehound,,,,,,,,,,,,,,,,,,,,,,,,,,,,,,,,,
Maine,lanceleaf loosestrife,,,,,,,,,,,,,,,,,,,,,,,,,,,,,,,,,
Maine,climbing hempvine,,,,,,,,,,,,,,,,,,,,,,,,,,,,,,,,,
Maine,American lotus,,,,,,,,,,,,,,,,,,,,,,,,,,,,,,,,,
Maine,American pokeweed,,,,,,,,,,,,,,,,,,,,,,,,,,,,,,,,,
Maine,cloudberry,,,,,,,,,,,,,,,,,,,,,,,,,,,,,,,,,
Maine,yellow salsify,,,,,,,,,,,,,,,,,,,,,,,,,,,,,,,,,
Maine,salsify,,,,,,,,,,,,,,,,,,,,,,,,,,,,,,,,,
Maine,narrowleaf cattail,,,,,,,,,,,,,,,,,,,,,,,,,,,,,,,,,
Maryland,wild sarsaparilla,,,,,,,,,,,,,,,,,,,,,,,,,,,,,,,,,
Maryland,Jack in the pulpit,,,,,,,,,,,,,,,,,,,,,,,,,,,,,,,,,
Maryland,butterfly milkweed,,,,,,,,,,,,,,,,,,,,,,,,,,,,,,,,,
Maryland,bearded beggarticks,,,,,,,,,,,,,,,,,,,,,,,,,,,,,,,,,
Maryland,marsh bellflower,,,,,,,,,,,,,,,,,,,,,,,,,,,,,,,,,
Maryland,red goosefoot,,,,,,,,,,,,,,,,,,,,,,,,,,,,,,,,,
Maryland,lanceleaf tickseed,,,,,,,,,,,,,,,,,,,,,,,,,,,,,,,,,
Maryland,bunchberry dogwood,,,,,,,,,,,,,,,,,,,,,,,,,,,,,,,,,
Maryland,panicledleaf ticktrefoil,,,,,,,,,,,,,,,,,,,,,,,,,,,,,,,,,
Maryland,common sunflower,,,,,,,,,,,,,,,,,,,,,,,,,,,,,,,,,
Maryland,hyacinthbean,,,,,,,,,,,,,,,,,,,,,,,,,,,,,,,,,
Maryland,Caley pea,,,,,,,,,,,,,,,,,,,,,,,,,,,,,,,,,
Maryland,hairy lespedeza,,,,,,,,,,,,,,,,,,,,,,,,,,,,,,,,,
Maryland,Virginia water horehound,,,,,,,,,,,,,,,,,,,,,,,,,,,,,,,,,
Maryland,lanceleaf loosestrife,,,,,,,,,,,,,,,,,,,,,,,,,,,,,,,,,
Maryland,climbing hempvine,,,,,,,,,,,,,,,,,,,,,,,,,,,,,,,,,
Maryland,American lotus,,,,,,,,,,,,,,,,,,,,,,,,,,,,,,,,,
Maryland,yellow passionflower,,,,,,,,,,,,,,,,,,,,,,,,,,,,,,,,,
Maryland,American pokeweed,,,,,,,,,,,,,,,,,,,,,,,,,,,,,,,,,
Maryland,stalkless yellowcress,,,,,,,,,,,,,,,,,,,,,,,,,,,,,,,,,
Maryland,yellow salsify,,,,,,,,,,,,,,,,,,,,,,,,,,,,,,,,,
Maryland,salsify,,,,,,,,,,,,,,,,,,,,,,,,,,,,,,,,,
Maryland,narrowleaf cattail,,,,,,,,,,,,,,,,,,,,,,,,,,,,,,,,,
Maryland,cowpea,,,,,,,,,,,,,,,,,,,,,,,,,,,,,,,,,
Massachusetts,wild sarsaparilla,,,,,,,,,,,,,,,,,,,,,,,,,,,,,,,,,
Massachusetts,Jack in the pulpit,,,,,,,,,,,,,,,,,,,,,,,,,,,,,,,,,
Massachusetts,butterfly milkweed,,,,,,,,,,,,,,,,,,,,,,,,,,,,,,,,,
Massachusetts,bearded beggarticks,,,,,,,,,,,,,,,,,,,,,,,,,,,,,,,,,
Massachusetts,marsh bellflower,,,,,,,,,,,,,,,,,,,,,,,,,,,,,,,,,
Massachusetts,red goosefoot,,,,,,,,,,,,,,,,,,,,,,,,,,,,,,,,,
Massachusetts,lanceleaf tickseed,,,,,,,,,,,,,,,,,,,,,,,,,,,,,,,,,
Massachusetts,bunchberry dogwood,,,,,,,,,,,,,,,,,,,,,,,,,,,,,,,,,
Massachusetts,panicledleaf ticktrefoil,,,,,,,,,,,,,,,,,,,,,,,,,,,,,,,,,
Massachusetts,longbeak stork's bill,,,,,,,,,,,,,,,,,,,,,,,,,,,,,,,,,
Massachusetts,American licorice,,,,,,,,,,,,,,,,,,,,,,,,,,,,,,,,,
Massachusetts,common sunflower,,,,,,,,,,,,,,,,,,,,,,,,,,,,,,,,,
Massachusetts,hyacinthbean,,,,,,,,,,,,,,,,,,,,,,,,,,,,,,,,,
Massachusetts,beach pea,,,,,,,,,,,,,,,,,,,,,,,,,,,,,,,,,
Massachusetts,hairy lespedeza,,,,,,,,,,,,,,,,,,,,,,,,,,,,,,,,,
Massachusetts,Virginia water horehound,,,,,,,,,,,,,,,,,,,,,,,,,,,,,,,,,
Massachusetts,climbing hempvine,,,,,,,,,,,,,,,,,,,,,,,,,,,,,,,,,
Massachusetts,American lotus,,,,,,,,,,,,,,,,,,,,,,,,,,,,,,,,,
Massachusetts,American pokeweed,,,,,,,,,,,,,,,,,,,,,,,,,,,,,,,,,
Massachusetts,upright prairie coneflower,,,,,,,,,,,,,,,,,,,,,,,,,,,,,,,,,
Massachusetts,pinnate prairie coneflower,,,,,,,,,,,,,,,,,,,,,,,,,,,,,,,,,
Massachusetts,stalkless yellowcress,,,,,,,,,,,,,,,,,,,,,,,,,,,,,,,,,
Massachusetts,yellow salsify,,,,,,,,,,,,,,,,,,,,,,,,,,,,,,,,,
Massachusetts,salsify,,,,,,,,,,,,,,,,,,,,,,,,,,,,,,,,,
Massachusetts,narrowleaf cattail,,,,,,,,,,,,,,,,,,,,,,,,,,,,,,,,,
Michigan,pale agoseris,,,,,,,,,,,,,,,,,,,,,,,,,,,,,,,,,
Michigan,wild sarsaparilla,,,,,,,,,,,,,,,,,,,,,,,,,,,,,,,,,
Michigan,Jack in the pulpit,,,,,,,,,,,,,,,,,,,,,,,,,,,,,,,,,
Michigan,showy milkweed,,,,,,,,,,,,,,,,,,,,,,,,,,,,,,,,,
Michigan,butterfly milkweed,,,,,,,,,,,,,,,,,,,,,,,,,,,,,,,,,
Michigan,chickpea milkvetch,,,,,,,,,,,,,,,,,,,,,,,,,,,,,,,,,
Michigan,bearded beggarticks,,,,,,,,,,,,,,,,,,,,,,,,,,,,,,,,,
Michigan,marsh bellflower,,,,,,,,,,,,,,,,,,,,,,,,,,,,,,,,,
Michigan,red goosefoot,,,,,,,,,,,,,,,,,,,,,,,,,,,,,,,,,
Michigan,lanceleaf tickseed,,,,,,,,,,,,,,,,,,,,,,,,,,,,,,,,,
Michigan,bunchberry dogwood,,,,,,,,,,,,,,,,,,,,,,,,,,,,,,,,,
Michigan,Missouri gourd,,,,,,,,,,,,,,,,,,,,,,,,,,,,,,,,,
Michigan,panicledleaf ticktrefoil,,,,,,,,,,,,,,,,,,,,,,,,,,,,,,,,,
Michigan,common sunflower,,,,,,,,,,,,,,,,,,,,,,,,,,,,,,,,,
Michigan,Caley pea,,,,,,,,,,,,,,,,,,,,,,,,,,,,,,,,,
Michigan,beach pea,,,,,,,,,,,,,,,,,,,,,,,,,,,,,,,,,
Michigan,hairy lespedeza,,,,,,,,,,,,,,,,,,,,,,,,,,,,,,,,,
Michigan,Virginia water horehound,,,,,,,,,,,,,,,,,,,,,,,,,,,,,,,,,
Michigan,lanceleaf loosestrife,,,,,,,,,,,,,,,,,,,,,,,,,,,,,,,,,
Michigan,climbing hempvine,,,,,,,,,,,,,,,,,,,,,,,,,,,,,,,,,
Michigan,American lotus,,,,,,,,,,,,,,,,,,,,,,,,,,,,,,,,,
Michigan,arrowleaf sweet coltsfoot,,,,,,,,,,,,,,,,,,,,,,,,,,,,,,,,,
Michigan,American pokeweed,,,,,,,,,,,,,,,,,,,,,,,,,,,,,,,,,
Michigan,upright prairie coneflower,,,,,,,,,,,,,,,,,,,,,,,,,,,,,,,,,
Michigan,pinnate prairie coneflower,,,,,,,,,,,,,,,,,,,,,,,,,,,,,,,,,
Michigan,yellow salsify,,,,,,,,,,,,,,,,,,,,,,,,,,,,,,,,,
Michigan,salsify,,,,,,,,,,,,,,,,,,,,,,,,,,,,,,,,,
Michigan,narrowleaf cattail,,,,,,,,,,,,,,,,,,,,,,,,,,,,,,,,,
Michigan,cowpea,,,,,,,,,,,,,,,,,,,,,,,,,,,,,,,,,
Minnesota,pale agoseris,,,,,,,,,,,,,,,,,,,,,,,,,,,,,,,,,
Minnesota,textile onion,,,,,,,,,,,,,,,,,,,,,,,,,,,,,,,,,
Minnesota,wild sarsaparilla,,,,,,,,,,,,,,,,,,,,,,,,,,,,,,,,,
Minnesota,Jack in the pulpit,,,,,,,,,,,,,,,,,,,,,,,,,,,,,,,,,
Minnesota,showy milkweed,,,,,,,,,,,,,,,,,,,,,,,,,,,,,,,,,
Minnesota,butterfly milkweed,,,,,,,,,,,,,,,,,,,,,,,,,,,,,,,,,
Minnesota,purple milkvetch,,,,,,,,,,,,,,,,,,,,,,,,,,,,,,,,,
Minnesota,chickpea milkvetch,,,,,,,,,,,,,,,,,,,,,,,,,,,,,,,,,
Minnesota,bearded beggarticks,,,,,,,,,,,,,,,,,,,,,,,,,,,,,,,,,
Minnesota,marsh bellflower,,,,,,,,,,,,,,,,,,,,,,,,,,,,,,,,,
Minnesota,fireweed,,,,,,,,,,,,,,,,,,,,,,,,,,,,,,,,,
Minnesota,red goosefoot,,,,,,,,,,,,,,,,,,,,,,,,,,,,,,,,,
Minnesota,lanceleaf tickseed,,,,,,,,,,,,,,,,,,,,,,,,,,,,,,,,,
Minnesota,bunchberry dogwood,,,,,,,,,,,,,,,,,,,,,,,,,,,,,,,,,
Minnesota,American licorice,,,,,,,,,,,,,,,,,,,,,,,,,,,,,,,,,
Minnesota,common sunflower,,,,,,,,,,,,,,,,,,,,,,,,,,,,,,,,,
Minnesota,Nuttall's sunflower,,,,,,,,,,,,,,,,,,,,,,,,,,,,,,,,,
Minnesota,Rocky Mountain iris,,,,,,,,,,,,,,,,,,,,,,,,,,,,,,,,,
Minnesota,beach pea,,,,,,,,,,,,,,,,,,,,,,,,,,,,,,,,,
Minnesota,Virginia water horehound,,,,,,,,,,,,,,,,,,,,,,,,,,,,,,,,,
Minnesota,American lotus,,,,,,,,,,,,,,,,,,,,,,,,,,,,,,,,,
Minnesota,arrowleaf sweet coltsfoot,,,,,,,,,,,,,,,,,,,,,,,,,,,,,,,,,
Minnesota,American pokeweed,,,,,,,,,,,,,,,,,,,,,,,,,,,,,,,,,
Minnesota,upright prairie coneflower,,,,,,,,,,,,,,,,,,,,,,,,,,,,,,,,,
Minnesota,pinnate prairie coneflower,,,,,,,,,,,,,,,,,,,,,,,,,,,,,,,,,
Minnesota,stalkless yellowcress,,,,,,,,,,,,,,,,,,,,,,,,,,,,,,,,,
Minnesota,cloudberry,,,,,,,,,,,,,,,,,,,,,,,,,,,,,,,,,
Minnesota,scarlet globemallow,,,,,,,,,,,,,,,,,,,,,,,,,,,,,,,,,
Minnesota,yellow salsify,,,,,,,,,,,,,,,,,,,,,,,,,,,,,,,,,
Minnesota,narrowleaf cattail,,,,,,,,,,,,,,,,,,,,,,,,,,,,,,,,,
Mississippi,Jack in the pulpit,,,,,,,,,,,,,,,,,,,,,,,,,,,,,,,,,
Mississippi,butterfly milkweed,,,,,,,,,,,,,,,,,,,,,,,,,,,,,,,,,
Mississippi,bearded beggarticks,,,,,,,,,,,,,,,,,,,,,,,,,,,,,,,,,
Mississippi,lanceleaf tickseed,,,,,,,,,,,,,,,,,,,,,,,,,,,,,,,,,
Mississippi,showy rattlebox,,,,,,,,,,,,,,,,,,,,,,,,,,,,,,,,,
Mississippi,panicledleaf ticktrefoil,,,,,,,,,,,,,,,,,,,,,,,,,,,,,,,,,
Mississippi,dixie ticktrefoil,,,,,,,,,,,,,,,,,,,,,,,,,,,,,,,,,
Mississippi,clasping coneflower,,,,,,,,,,,,,,,,,,,,,,,,,,,,,,,,,
Mississippi,common sunflower,,,,,,,,,,,,,,,,,,,,,,,,,,,,,,,,,
Mississippi,comfortroot,,,,,,,,,,,,,,,,,,,,,,,,,,,,,,,,,
Mississippi,Caley pea,,,,,,,,,,,,,,,,,,,,,,,,,,,,,,,,,
Mississippi,hairy lespedeza,,,,,,,,,,,,,,,,,,,,,,,,,,,,,,,,,
Mississippi,Virginia water horehound,,,,,,,,,,,,,,,,,,,,,,,,,,,,,,,,,
Mississippi,lanceleaf loosestrife,,,,,,,,,,,,,,,,,,,,,,,,,,,,,,,,,
Mississippi,climbing hempvine,,,,,,,,,,,,,,,,,,,,,,,,,,,,,,,,,
Mississippi,American lotus,,,,,,,,,,,,,,,,,,,,,,,,,,,,,,,,,
Mississippi,yellow passionflower,,,,,,,,,,,,,,,,,,,,,,,,,,,,,,,,,
Mississippi,American pokeweed,,,,,,,,,,,,,,,,,,,,,,,,,,,,,,,,,
Mississippi,upright prairie coneflower,,,,,,,,,,,,,,,,,,,,,,,,,,,,,,,,,
Mississippi,pinnate prairie coneflower,,,,,,,,,,,,,,,,,,,,,,,,,,,,,,,,,
Mississippi,stalkless yellowcress,,,,,,,,,,,,,,,,,,,,,,,,,,,,,,,,,
Mississippi,small white clover,,,,,,,,,,,,,,,,,,,,,,,,,,,,,,,,,
Mississippi,narrowleaf cattail,,,,,,,,,,,,,,,,,,,,,,,,,,,,,,,,,
Mississippi,cowpea,,,,,,,,,,,,,,,,,,,,,,,,,,,,,,,,,
Missouri,wild sarsaparilla,,,,,,,,,,,,,,,,,,,,,,,,,,,,,,,,,
Missouri,Jack in the pulpit,,,,,,,,,,,,,,,,,,,,,,,,,,,,,,,,,
Missouri,butterfly milkweed,,,,,,,,,,,,,,,,,,,,,,,,,,,,,,,,,
Missouri,bearded beggarticks,,,,,,,,,,,,,,,,,,,,,,,,,,,,,,,,,
Missouri,marsh bellflower,,,,,,,,,,,,,,,,,,,,,,,,,,,,,,,,,
Missouri,red goosefoot,,,,,,,,,,,,,,,,,,,,,,,,,,,,,,,,,
Missouri,lanceleaf tickseed,,,,,,,,,,,,,,,,,,,,,,,,,,,,,,,,,
Missouri,showy rattlebox,,,,,,,,,,,,,,,,,,,,,,,,,,,,,,,,,
Missouri,Missouri gourd,,,,,,,,,,,,,,,,,,,,,,,,,,,,,,,,,
Missouri,panicledleaf ticktrefoil,,,,,,,,,,,,,,,,,,,,,,,,,,,,,,,,,
Missouri,clasping coneflower,,,,,,,,,,,,,,,,,,,,,,,,,,,,,,,,,
Missouri,American licorice,,,,,,,,,,,,,,,,,,,,,,,,,,,,,,,,,
Missouri,common sunflower,,,,,,,,,,,,,,,,,,,,,,,,,,,,,,,,,
Missouri,Nuttall's sunflower,,,,,,,,,,,,,,,,,,,,,,,,,,,,,,,,,
Missouri,Caley pea,,,,,,,,,,,,,,,,,,,,,,,,,,,,,,,,,
Missouri,hairy lespedeza,,,,,,,,,,,,,,,,,,,,,,,,,,,,,,,,,
Missouri,Virginia water horehound,,,,,,,,,,,,,,,,,,,,,,,,,,,,,,,,,
Missouri,lanceleaf loosestrife,,,,,,,,,,,,,,,,,,,,,,,,,,,,,,,,,
Missouri,climbing hempvine,,,,,,,,,,,,,,,,,,,,,,,,,,,,,,,,,
Missouri,American lotus,,,,,,,,,,,,,,,,,,,,,,,,,,,,,,,,,
Missouri,yellow passionflower,,,,,,,,,,,,,,,,,,,,,,,,,,,,,,,,,
Missouri,American pokeweed,,,,,,,,,,,,,,,,,,,,,,,,,,,,,,,,,
Missouri,upright prairie coneflower,,,,,,,,,,,,,,,,,,,,,,,,,,,,,,,,,
Missouri,pinnate prairie coneflower,,,,,,,,,,,,,,,,,,,,,,,,,,,,,,,,,
Missouri,stalkless yellowcress,,,,,,,,,,,,,,,,,,,,,,,,,,,,,,,,,
Missouri,yellow salsify,,,,,,,,,,,,,,,,,,,,,,,,,,,,,,,,,
Missouri,salsify,,,,,,,,,,,,,,,,,,,,,,,,,,,,,,,,,
Missouri,narrowleaf cattail,,,,,,,,,,,,,,,,,,,,,,,,,,,,,,,,,
Missouri,cowpea,,,,,,,,,,,,,,,,,,,,,,,,,,,,,,,,,
Missouri,soapweed yucca,,,,,,,,,,,,,,,,,,,,,,,,,,,,,,,,,
Montana,orange agoseris,,,,,,,,,,,,,,,,,,,,,,,,,,,,,,,,,
Montana,pale agoseris,,,,,,,,,,,,,,,,,,,,,,,,,,,,,,,,,
Montana,textile onion,,,,,,,,,,,,,,,,,,,,,,,,,,,,,,,,,
Montana,rush pussytoes,,,,,,,,,,,,,,,,,,,,,,,,,,,,,,,,,
Montana,western columbine,,,,,,,,,,,,,,,,,,,,,,,,,,,,,,,,,
Montana,wild sarsaparilla,,,,,,,,,,,,,,,,,,,,,,,,,,,,,,,,,
Montana,crested pricklypoppy,,,,,,,,,,,,,,,,,,,,,,,,,,,,,,,,,
Montana,showy milkweed,,,,,,,,,,,,,,,,,,,,,,,,,,,,,,,,,
Montana,purple milkvetch,,,,,,,,,,,,,,,,,,,,,,,,,,,,,,,,,
Montana,chickpea milkvetch,,,,,,,,,,,,,,,,,,,,,,,,,,,,,,,,,
Montana,freckled milkvetch,,,,,,,,,,,,,,,,,,,,,,,,,,,,,,,,,
Montana,fireweed,,,,,,,,,,,,,,,,,,,,,,,,,,,,,,,,,
Montana,red goosefoot,,,,,,,,,,,,,,,,,,,,,,,,,,,,,,,,,
Montana,western water hemlock,,,,,,,,,,,,,,,,,,,,,,,,,,,,,,,,,
Montana,bunchberry dogwood,,,,,,,,,,,,,,,,,,,,,,,,,,,,,,,,,
Montana,Sierra larkspur,,,,,,,,,,,,,,,,,,,,,,,,,,,,,,,,,
Montana,darkthroat shootingstar,,,,,,,,,,,,,,,,,,,,,,,,,,,,,,,,,
Montana,eightpetal mountain-avens,,,,,,,,,,,,,,,,,,,,,,,,,,,,,,,,,
Montana,hidden buckwheat,,,,,,,,,,,,,,,,,,,,,,,,,,,,,,,,,
Montana,Oregon geranium,,,,,,,,,,,,,,,,,,,,,,,,,,,,,,,,,
Montana,sticky purple geranium,,,,,,,,,,,,,,,,,,,,,,,,,,,,,,,,,
Montana,American licorice,,,,,,,,,,,,,,,,,,,,,,,,,,,,,,,,,
Montana,common sunflower,,,,,,,,,,,,,,,,,,,,,,,,,,,,,,,,,
Montana,Nuttall's sunflower,,,,,,,,,,,,,,,,,,,,,,,,,,,,,,,,,
Montana,scarlet gilia,,,,,,,,,,,,,,,,,,,,,,,,,,,,,,,,,
Montana,Rocky Mountain iris,,,,,,,,,,,,,,,,,,,,,,,,,,,,,,,,,
Montana,fernleaf biscuitroot,,,,,,,,,,,,,,,,,,,,,,,,,,,,,,,,,
Montana,silvery lupine,,,,,,,,,,,,,,,,,,,,,,,,,,,,,,,,,
Montana,tailcup lupine,,,,,,,,,,,,,,,,,,,,,,,,,,,,,,,,,
Montana,silky lupine,,,,,,,,,,,,,,,,,,,,,,,,,,,,,,,,,
Montana,nodding microseris,,,,,,,,,,,,,,,,,,,,,,,,,,,,,,,,,
Montana,broadbeard beardtongue,,,,,,,,,,,,,,,,,,,,,,,,,,,,,,,,,
Montana,yellow penstemon,,,,,,,,,,,,,,,,,,,,,,,,,,,,,,,,,
Montana,Whipple's penstemon,,,,,,,,,,,,,,,,,,,,,,,,,,,,,,,,,
Montana,arrowleaf sweet coltsfoot,,,,,,,,,,,,,,,,,,,,,,,,,,,,,,,,,
Montana,upright prairie coneflower,,,,,,,,,,,,,,,,,,,,,,,,,,,,,,,,,
Montana,curvepod yellowcress,,,,,,,,,,,,,,,,,,,,,,,,,,,,,,,,,
Montana,scarlet globemallow,,,,,,,,,,,,,,,,,,,,,,,,,,,,,,,,,
Montana,yellow salsify,,,,,,,,,,,,,,,,,,,,,,,,,,,,,,,,,
Montana,salsify,,,,,,,,,,,,,,,,,,,,,,,,,,,,,,,,,
Montana,cows clover,,,,,,,,,,,,,,,,,,,,,,,,,,,,,,,,,
Montana,narrowleaf cattail,,,,,,,,,,,,,,,,,,,,,,,,,,,,,,,,,
Montana,soapweed yucca,,,,,,,,,,,,,,,,,,,,,,,,,,,,,,,,,
Nebraska,pale agoseris,,,,,,,,,,,,,,,,,,,,,,,,,,,,,,,,,
Nebraska,textile onion,,,,,,,,,,,,,,,,,,,,,,,,,,,,,,,,,
Nebraska,wild sarsaparilla,,,,,,,,,,,,,,,,,,,,,,,,,,,,,,,,,
Nebraska,crested pricklypoppy,,,,,,,,,,,,,,,,,,,,,,,,,,,,,,,,,
Nebraska,Jack in the pulpit,,,,,,,,,,,,,,,,,,,,,,,,,,,,,,,,,
Nebraska,showy milkweed,,,,,,,,,,,,,,,,,,,,,,,,,,,,,,,,,
Nebraska,butterfly milkweed,,,,,,,,,,,,,,,,,,,,,,,,,,,,,,,,,
Nebraska,purple milkvetch,,,,,,,,,,,,,,,,,,,,,,,,,,,,,,,,,
Nebraska,chickpea milkvetch,,,,,,,,,,,,,,,,,,,,,,,,,,,,,,,,,
Nebraska,bearded beggarticks,,,,,,,,,,,,,,,,,,,,,,,,,,,,,,,,,
Nebraska,marsh bellflower,,,,,,,,,,,,,,,,,,,,,,,,,,,,,,,,,
Nebraska,red goosefoot,,,,,,,,,,,,,,,,,,,,,,,,,,,,,,,,,
Nebraska,lanceleaf tickseed,,,,,,,,,,,,,,,,,,,,,,,,,,,,,,,,,
Nebraska,Missouri gourd,,,,,,,,,,,,,,,,,,,,,,,,,,,,,,,,,
Nebraska,panicledleaf ticktrefoil,,,,,,,,,,,,,,,,,,,,,,,,,,,,,,,,,
Nebraska,darkthroat shootingstar,,,,,,,,,,,,,,,,,,,,,,,,,,,,,,,,,
Nebraska,sticky purple geranium,,,,,,,,,,,,,,,,,,,,,,,,,,,,,,,,,
Nebraska,American licorice,,,,,,,,,,,,,,,,,,,,,,,,,,,,,,,,,
Nebraska,common sunflower,,,,,,,,,,,,,,,,,,,,,,,,,,,,,,,,,
Nebraska,Nuttall's sunflower,,,,,,,,,,,,,,,,,,,,,,,,,,,,,,,,,
Nebraska,Rocky Mountain iris,,,,,,,,,,,,,,,,,,,,,,,,,,,,,,,,,
Nebraska,silvery lupine,,,,,,,,,,,,,,,,,,,,,,,,,,,,,,,,,
Nebraska,tailcup lupine,,,,,,,,,,,,,,,,,,,,,,,,,,,,,,,,,
Nebraska,Virginia water horehound,,,,,,,,,,,,,,,,,,,,,,,,,,,,,,,,,
Nebraska,American lotus,,,,,,,,,,,,,,,,,,,,,,,,,,,,,,,,,
Nebraska,broadbeard beardtongue,,,,,,,,,,,,,,,,,,,,,,,,,,,,,,,,,
Nebraska,American pokeweed,,,,,,,,,,,,,,,,,,,,,,,,,,,,,,,,,
Nebraska,upright prairie coneflower,,,,,,,,,,,,,,,,,,,,,,,,,,,,,,,,,
Nebraska,pinnate prairie coneflower,,,,,,,,,,,,,,,,,,,,,,,,,,,,,,,,,
Nebraska,stalkless yellowcress,,,,,,,,,,,,,,,,,,,,,,,,,,,,,,,,,
Nebraska,scarlet globemallow,,,,,,,,,,,,,,,,,,,,,,,,,,,,,,,,,
Nebraska,yellow salsify,,,,,,,,,,,,,,,,,,,,,,,,,,,,,,,,,
Nebraska,salsify,,,,,,,,,,,,,,,,,,,,,,,,,,,,,,,,,
Nebraska,narrowleaf cattail,,,,,,,,,,,,,,,,,,,,,,,,,,,,,,,,,
Nebraska,soapweed yucca,,,,,,,,,,,,,,,,,,,,,,,,,,,,,,,,,
Nevada,orange agoseris,,,,,,,,,,,,,,,,,,,,,,,,,,,,,,,,,
Nevada,pale agoseris,,,,,,,,,,,,,,,,,,,,,,,,,,,,,,,,,
Nevada,textile onion,,,,,,,,,,,,,,,,,,,,,,,,,,,,,,,,,
Nevada,Tolmie's onion,,,,,,,,,,,,,,,,,,,,,,,,,,,,,,,,,
Nevada,Pacific onion,,,,,,,,,,,,,,,,,,,,,,,,,,,,,,,,,
Nevada,rush pussytoes,,,,,,,,,,,,,,,,,,,,,,,,,,,,,,,,,
Nevada,western columbine,,,,,,,,,,,,,,,,,,,,,,,,,,,,,,,,,
Nevada,showy milkweed,,,,,,,,,,,,,,,,,,,,,,,,,,,,,,,,,
Nevada,purple milkvetch,,,,,,,,,,,,,,,,,,,,,,,,,,,,,,,,,
Nevada,chickpea milkvetch,,,,,,,,,,,,,,,,,,,,,,,,,,,,,,,,,
Nevada,curvepod milkvetch,,,,,,,,,,,,,,,,,,,,,,,,,,,,,,,,,
Nevada,freckled milkvetch,,,,,,,,,,,,,,,,,,,,,,,,,,,,,,,,,
Nevada,red goosefoot,,,,,,,,,,,,,,,,,,,,,,,,,,,,,,,,,
Nevada,western water hemlock,,,,,,,,,,,,,,,,,,,,,,,,,,,,,,,,,
Nevada,Missouri gourd,,,,,,,,,,,,,,,,,,,,,,,,,,,,,,,,,
Nevada,Sierra larkspur,,,,,,,,,,,,,,,,,,,,,,,,,,,,,,,,,
Nevada,darkthroat shootingstar,,,,,,,,,,,,,,,,,,,,,,,,,,,,,,,,,
Nevada,sticky purple geranium,,,,,,,,,,,,,,,,,,,,,,,,,,,,,,,,,
Nevada,American licorice,,,,,,,,,,,,,,,,,,,,,,,,,,,,,,,,,
Nevada,common sunflower,,,,,,,,,,,,,,,,,,,,,,,,,,,,,,,,,
Nevada,Nuttall's sunflower,,,,,,,,,,,,,,,,,,,,,,,,,,,,,,,,,
Nevada,scarlet gilia,,,,,,,,,,,,,,,,,,,,,,,,,,,,,,,,,
Nevada,Rocky Mountain iris,,,,,,,,,,,,,,,,,,,,,,,,,,,,,,,,,
Nevada,fernleaf biscuitroot,,,,,,,,,,,,,,,,,,,,,,,,,,,,,,,,,
Nevada,silvery lupine,,,,,,,,,,,,,,,,,,,,,,,,,,,,,,,,,
Nevada,tailcup lupine,,,,,,,,,,,,,,,,,,,,,,,,,,,,,,,,,
Nevada,broadleaf lupine,,,,,,,,,,,,,,,,,,,,,,,,,,,,,,,,,
Nevada,silky lupine,,,,,,,,,,,,,,,,,,,,,,,,,,,,,,,,,
Nevada,rough menodora,,,,,,,,,,,,,,,,,,,,,,,,,,,,,,,,,
Nevada,nodding microseris,,,,,,,,,,,,,,,,,,,,,,,,,,,,,,,,,
Nevada,firecracker penstemon,,,,,,,,,,,,,,,,,,,,,,,,,,,,,,,,,
Nevada,curvepod yellowcress,,,,,,,,,,,,,,,,,,,,,,,,,,,,,,,,,
Nevada,scarlet globemallow,,,,,,,,,,,,,,,,,,,,,,,,,,,,,,,,,
Nevada,gooseberryleaf globemallow,,,,,,,,,,,,,,,,,,,,,,,,,,,,,,,,,
Nevada,yellow salsify,,,,,,,,,,,,,,,,,,,,,,,,,,,,,,,,,
Nevada,salsify,,,,,,,,,,,,,,,,,,,,,,,,,,,,,,,,,
Nevada,cows clover,,,,,,,,,,,,,,,,,,,,,,,,,,,,,,,,,
Nevada,narrowleaf cattail,,,,,,,,,,,,,,,,,,,,,,,,,,,,,,,,,
Nevada,banana yucca,,,,,,,,,,,,,,,,,,,,,,,,,,,,,,,,,
New Hampshire,wild sarsaparilla,,,,,,,,,,,,,,,,,,,,,,,,,,,,,,,,,
New Hampshire,Jack in the pulpit,,,,,,,,,,,,,,,,,,,,,,,,,,,,,,,,,
New Hampshire,butterfly milkweed,,,,,,,,,,,,,,,,,,,,,,,,,,,,,,,,,
New Hampshire,bearded beggarticks,,,,,,,,,,,,,,,,,,,,,,,,,,,,,,,,,
New Hampshire,marsh bellflower,,,,,,,,,,,,,,,,,,,,,,,,,,,,,,,,,
New Hampshire,red goosefoot,,,,,,,,,,,,,,,,,,,,,,,,,,,,,,,,,
New Hampshire,lanceleaf tickseed,,,,,,,,,,,,,,,,,,,,,,,,,,,,,,,,,
New Hampshire,bunchberry dogwood,,,,,,,,,,,,,,,,,,,,,,,,,,,,,,,,,
New Hampshire,panicledleaf ticktrefoil,,,,,,,,,,,,,,,,,,,,,,,,,,,,,,,,,
New Hampshire,common sunflower,,,,,,,,,,,,,,,,,,,,,,,,,,,,,,,,,
New Hampshire,beach pea,,,,,,,,,,,,,,,,,,,,,,,,,,,,,,,,,
New Hampshire,hairy lespedeza,,,,,,,,,,,,,,,,,,,,,,,,,,,,,,,,,
New Hampshire,Virginia water horehound,,,,,,,,,,,,,,,,,,,,,,,,,,,,,,,,,
New Hampshire,climbing hempvine,,,,,,,,,,,,,,,,,,,,,,,,,,,,,,,,,
New Hampshire,American pokeweed,,,,,,,,,,,,,,,,,,,,,,,,,,,,,,,,,
New Hampshire,cloudberry,,,,,,,,,,,,,,,,,,,,,,,,,,,,,,,,,
New Hampshire,yellow salsify,,,,,,,,,,,,,,,,,,,,,,,,,,,,,,,,,
New Hampshire,salsify,,,,,,,,,,,,,,,,,,,,,,,,,,,,,,,,,
New Hampshire,narrowleaf cattail,,,,,,,,,,,,,,,,,,,,,,,,,,,,,,,,,
New Jersey,wild sarsaparilla,,,,,,,,,,,,,,,,,,,,,,,,,,,,,,,,,
New Jersey,Jack in the pulpit,,,,,,,,,,,,,,,,,,,,,,,,,,,,,,,,,
New Jersey,butterfly milkweed,,,,,,,,,,,,,,,,,,,,,,,,,,,,,,,,,
New Jersey,bearded beggarticks,,,,,,,,,,,,,,,,,,,,,,,,,,,,,,,,,
New Jersey,marsh bellflower,,,,,,,,,,,,,,,,,,,,,,,,,,,,,,,,,
New Jersey,red goosefoot,,,,,,,,,,,,,,,,,,,,,,,,,,,,,,,,,
New Jersey,lanceleaf tickseed,,,,,,,,,,,,,,,,,,,,,,,,,,,,,,,,,
New Jersey,bunchberry dogwood,,,,,,,,,,,,,,,,,,,,,,,,,,,,,,,,,
New Jersey,panicledleaf ticktrefoil,,,,,,,,,,,,,,,,,,,,,,,,,,,,,,,,,
New Jersey,common sunflower,,,,,,,,,,,,,,,,,,,,,,,,,,,,,,,,,
New Jersey,hyacinthbean,,,,,,,,,,,,,,,,,,,,,,,,,,,,,,,,,
New Jersey,beach pea,,,,,,,,,,,,,,,,,,,,,,,,,,,,,,,,,
New Jersey,hairy lespedeza,,,,,,,,,,,,,,,,,,,,,,,,,,,,,,,,,
New Jersey,Virginia water horehound,,,,,,,,,,,,,,,,,,,,,,,,,,,,,,,,,
New Jersey,lanceleaf loosestrife,,,,,,,,,,,,,,,,,,,,,,,,,,,,,,,,,
New Jersey,climbing hempvine,,,,,,,,,,,,,,,,,,,,,,,,,,,,,,,,,
New Jersey,American lotus,,,,,,,,,,,,,,,,,,,,,,,,,,,,,,,,,
New Jersey,American pokeweed,,,,,,,,,,,,,,,,,,,,,,,,,,,,,,,,,
New Jersey,upright prairie coneflower,,,,,,,,,,,,,,,,,,,,,,,,,,,,,,,,,
New Jersey,pinnate prairie coneflower,,,,,,,,,,,,,,,,,,,,,,,,,,,,,,,,,
New Jersey,yellow salsify,,,,,,,,,,,,,,,,,,,,,,,,,,,,,,,,,
New Jersey,salsify,,,,,,,,,,,,,,,,,,,,,,,,,,,,,,,,,
New Jersey,narrowleaf cattail,,,,,,,,,,,,,,,,,,,,,,,,,,,,,,,,,
New Mexico,orange agoseris,,,,,,,,,,,,,,,,,,,,,,,,,,,,,,,,,
New Mexico,pale agoseris,,,,,,,,,,,,,,,,,,,,,,,,,,,,,,,,,
New Mexico,textile onion,,,,,,,,,,,,,,,,,,,,,,,,,,,,,,,,,
New Mexico,southwestern pricklypoppy,,,,,,,,,,,,,,,,,,,,,,,,,,,,,,,,,
New Mexico,crested pricklypoppy,,,,,,,,,,,,,,,,,,,,,,,,,,,,,,,,,
New Mexico,showy milkweed,,,,,,,,,,,,,,,,,,,,,,,,,,,,,,,,,
New Mexico,butterfly milkweed,,,,,,,,,,,,,,,,,,,,,,,,,,,,,,,,,
New Mexico,purple milkvetch,,,,,,,,,,,,,,,,,,,,,,,,,,,,,,,,,
New Mexico,chickpea milkvetch,,,,,,,,,,,,,,,,,,,,,,,,,,,,,,,,,
New Mexico,freckled milkvetch,,,,,,,,,,,,,,,,,,,,,,,,,,,,,,,,,
New Mexico,red goosefoot,,,,,,,,,,,,,,,,,,,,,,,,,,,,,,,,,
New Mexico,lanceleaf tickseed,,,,,,,,,,,,,,,,,,,,,,,,,,,,,,,,,
New Mexico,bunchberry dogwood,,,,,,,,,,,,,,,,,,,,,,,,,,,,,,,,,
New Mexico,Missouri gourd,,,,,,,,,,,,,,,,,,,,,,,,,,,,,,,,,
New Mexico,darkthroat shootingstar,,,,,,,,,,,,,,,,,,,,,,,,,,,,,,,,,
New Mexico,clasping coneflower,,,,,,,,,,,,,,,,,,,,,,,,,,,,,,,,,
New Mexico,sticky purple geranium,,,,,,,,,,,,,,,,,,,,,,,,,,,,,,,,,
New Mexico,American licorice,,,,,,,,,,,,,,,,,,,,,,,,,,,,,,,,,
New Mexico,common sunflower,,,,,,,,,,,,,,,,,,,,,,,,,,,,,,,,,
New Mexico,Nuttall's sunflower,,,,,,,,,,,,,,,,,,,,,,,,,,,,,,,,,
New Mexico,scarlet gilia,,,,,,,,,,,,,,,,,,,,,,,,,,,,,,,,,
New Mexico,Rocky Mountain iris,,,,,,,,,,,,,,,,,,,,,,,,,,,,,,,,,
New Mexico,Caley pea,,,,,,,,,,,,,,,,,,,,,,,,,,,,,,,,,
New Mexico,fernleaf biscuitroot,,,,,,,,,,,,,,,,,,,,,,,,,,,,,,,,,
New Mexico,silvery lupine,,,,,,,,,,,,,,,,,,,,,,,,,,,,,,,,,
New Mexico,tailcup lupine,,,,,,,,,,,,,,,,,,,,,,,,,,,,,,,,,
New Mexico,broadleaf lupine,,,,,,,,,,,,,,,,,,,,,,,,,,,,,,,,,
New Mexico,silky lupine,,,,,,,,,,,,,,,,,,,,,,,,,,,,,,,,,
New Mexico,rough menodora,,,,,,,,,,,,,,,,,,,,,,,,,,,,,,,,,
New Mexico,broadbeard beardtongue,,,,,,,,,,,,,,,,,,,,,,,,,,,,,,,,,
New Mexico,firecracker penstemon,,,,,,,,,,,,,,,,,,,,,,,,,,,,,,,,,
New Mexico,Rocky Mountain penstemon,,,,,,,,,,,,,,,,,,,,,,,,,,,,,,,,,
New Mexico,Whipple's penstemon,,,,,,,,,,,,,,,,,,,,,,,,,,,,,,,,,
New Mexico,American pokeweed,,,,,,,,,,,,,,,,,,,,,,,,,,,,,,,,,
New Mexico,upright prairie coneflower,,,,,,,,,,,,,,,,,,,,,,,,,,,,,,,,,
New Mexico,scarlet globemallow,,,,,,,,,,,,,,,,,,,,,,,,,,,,,,,,,
New Mexico,gooseberryleaf globemallow,,,,,,,,,,,,,,,,,,,,,,,,,,,,,,,,,
New Mexico,yellow salsify,,,,,,,,,,,,,,,,,,,,,,,,,,,,,,,,,
New Mexico,salsify,,,,,,,,,,,,,,,,,,,,,,,,,,,,,,,,,
New Mexico,cows clover,,,,,,,,,,,,,,,,,,,,,,,,,,,,,,,,,
New Mexico,narrowleaf cattail,,,,,,,,,,,,,,,,,,,,,,,,,,,,,,,,,
New Mexico,banana yucca,,,,,,,,,,,,,,,,,,,,,,,,,,,,,,,,,
New Mexico,soapweed yucca,,,,,,,,,,,,,,,,,,,,,,,,,,,,,,,,,
New York,wild sarsaparilla,,,,,,,,,,,,,,,,,,,,,,,,,,,,,,,,,
New York,Jack in the pulpit,,,,,,,,,,,,,,,,,,,,,,,,,,,,,,,,,
New York,butterfly milkweed,,,,,,,,,,,,,,,,,,,,,,,,,,,,,,,,,
New York,bearded beggarticks,,,,,,,,,,,,,,,,,,,,,,,,,,,,,,,,,
New York,marsh bellflower,,,,,,,,,,,,,,,,,,,,,,,,,,,,,,,,,
New York,fireweed,,,,,,,,,,,,,,,,,,,,,,,,,,,,,,,,,
New York,red goosefoot,,,,,,,,,,,,,,,,,,,,,,,,,,,,,,,,,
New York,lanceleaf tickseed,,,,,,,,,,,,,,,,,,,,,,,,,,,,,,,,,
New York,bunchberry dogwood,,,,,,,,,,,,,,,,,,,,,,,,,,,,,,,,,
New York,panicledleaf ticktrefoil,,,,,,,,,,,,,,,,,,,,,,,,,,,,,,,,,
New York,beach strawberry,,,,,,,,,,,,,,,,,,,,,,,,,,,,,,,,,
New York,American licorice,,,,,,,,,,,,,,,,,,,,,,,,,,,,,,,,,
New York,common sunflower,,,,,,,,,,,,,,,,,,,,,,,,,,,,,,,,,
New York,hyacinthbean,,,,,,,,,,,,,,,,,,,,,,,,,,,,,,,,,
New York,beach pea,,,,,,,,,,,,,,,,,,,,,,,,,,,,,,,,,
New York,hairy lespedeza,,,,,,,,,,,,,,,,,,,,,,,,,,,,,,,,,
New York,Virginia water horehound,,,,,,,,,,,,,,,,,,,,,,,,,,,,,,,,,
New York,climbing hempvine,,,,,,,,,,,,,,,,,,,,,,,,,,,,,,,,,
New York,American lotus,,,,,,,,,,,,,,,,,,,,,,,,,,,,,,,,,
New York,American pokeweed,,,,,,,,,,,,,,,,,,,,,,,,,,,,,,,,,
New York,upright prairie coneflower,,,,,,,,,,,,,,,,,,,,,,,,,,,,,,,,,
New York,pinnate prairie coneflower,,,,,,,,,,,,,,,,,,,,,,,,,,,,,,,,,
New York,cloudberry,,,,,,,,,,,,,,,,,,,,,,,,,,,,,,,,,
New York,yellow salsify,,,,,,,,,,,,,,,,,,,,,,,,,,,,,,,,,
New York,salsify,,,,,,,,,,,,,,,,,,,,,,,,,,,,,,,,,
New York,narrowleaf cattail,,,,,,,,,,,,,,,,,,,,,,,,,,,,,,,,,
New York,purple vetch,,,,,,,,,,,,,,,,,,,,,,,,,,,,,,,,,
North Carolina,wild sarsaparilla,,,,,,,,,,,,,,,,,,,,,,,,,,,,,,,,,
North Carolina,Jack in the pulpit,,,,,,,,,,,,,,,,,,,,,,,,,,,,,,,,,
North Carolina,butterfly milkweed,,,,,,,,,,,,,,,,,,,,,,,,,,,,,,,,,
North Carolina,bearded beggarticks,,,,,,,,,,,,,,,,,,,,,,,,,,,,,,,,,
North Carolina,marsh bellflower,,,,,,,,,,,,,,,,,,,,,,,,,,,,,,,,,
North Carolina,lanceleaf tickseed,,,,,,,,,,,,,,,,,,,,,,,,,,,,,,,,,
North Carolina,showy rattlebox,,,,,,,,,,,,,,,,,,,,,,,,,,,,,,,,,
North Carolina,panicledleaf ticktrefoil,,,,,,,,,,,,,,,,,,,,,,,,,,,,,,,,,
North Carolina,dixie ticktrefoil,,,,,,,,,,,,,,,,,,,,,,,,,,,,,,,,,
North Carolina,common sunflower,,,,,,,,,,,,,,,,,,,,,,,,,,,,,,,,,
North Carolina,comfortroot,,,,,,,,,,,,,,,,,,,,,,,,,,,,,,,,,
North Carolina,Caley pea,,,,,,,,,,,,,,,,,,,,,,,,,,,,,,,,,
North Carolina,hairy lespedeza,,,,,,,,,,,,,,,,,,,,,,,,,,,,,,,,,
North Carolina,Virginia water horehound,,,,,,,,,,,,,,,,,,,,,,,,,,,,,,,,,
North Carolina,lanceleaf loosestrife,,,,,,,,,,,,,,,,,,,,,,,,,,,,,,,,,
North Carolina,climbing hempvine,,,,,,,,,,,,,,,,,,,,,,,,,,,,,,,,,
North Carolina,American lotus,,,,,,,,,,,,,,,,,,,,,,,,,,,,,,,,,
North Carolina,yellow passionflower,,,,,,,,,,,,,,,,,,,,,,,,,,,,,,,,,
North Carolina,American pokeweed,,,,,,,,,,,,,,,,,,,,,,,,,,,,,,,,,
North Carolina,upright prairie coneflower,,,,,,,,,,,,,,,,,,,,,,,,,,,,,,,,,
North Carolina,stalkless yellowcress,,,,,,,,,,,,,,,,,,,,,,,,,,,,,,,,,
North Carolina,yellow salsify,,,,,,,,,,,,,,,,,,,,,,,,,,,,,,,,,
North Carolina,salsify,,,,,,,,,,,,,,,,,,,,,,,,,,,,,,,,,
North Carolina,narrowleaf cattail,,,,,,,,,,,,,,,,,,,,,,,,,,,,,,,,,
North Carolina,smooth yellow vetch,,,,,,,,,,,,,,,,,,,,,,,,,,,,,,,,,
North Carolina,cowpea,,,,,,,,,,,,,,,,,,,,,,,,,,,,,,,,,
North Dakota,pale agoseris,,,,,,,,,,,,,,,,,,,,,,,,,,,,,,,,,
North Dakota,textile onion,,,,,,,,,,,,,,,,,,,,,,,,,,,,,,,,,
North Dakota,wild sarsaparilla,,,,,,,,,,,,,,,,,,,,,,,,,,,,,,,,,
North Dakota,crested pricklypoppy,,,,,,,,,,,,,,,,,,,,,,,,,,,,,,,,,
North Dakota,Jack in the pulpit,,,,,,,,,,,,,,,,,,,,,,,,,,,,,,,,,
North Dakota,showy milkweed,,,,,,,,,,,,,,,,,,,,,,,,,,,,,,,,,
North Dakota,purple milkvetch,,,,,,,,,,,,,,,,,,,,,,,,,,,,,,,,,
North Dakota,marsh bellflower,,,,,,,,,,,,,,,,,,,,,,,,,,,,,,,,,
North Dakota,red goosefoot,,,,,,,,,,,,,,,,,,,,,,,,,,,,,,,,,
North Dakota,bunchberry dogwood,,,,,,,,,,,,,,,,,,,,,,,,,,,,,,,,,
North Dakota,darkthroat shootingstar,,,,,,,,,,,,,,,,,,,,,,,,,,,,,,,,,
North Dakota,clasping coneflower,,,,,,,,,,,,,,,,,,,,,,,,,,,,,,,,,
North Dakota,American licorice,,,,,,,,,,,,,,,,,,,,,,,,,,,,,,,,,
North Dakota,common sunflower,,,,,,,,,,,,,,,,,,,,,,,,,,,,,,,,,
North Dakota,Nuttall's sunflower,,,,,,,,,,,,,,,,,,,,,,,,,,,,,,,,,
North Dakota,Rocky Mountain iris,,,,,,,,,,,,,,,,,,,,,,,,,,,,,,,,,
North Dakota,silvery lupine,,,,,,,,,,,,,,,,,,,,,,,,,,,,,,,,,
North Dakota,broadbeard beardtongue,,,,,,,,,,,,,,,,,,,,,,,,,,,,,,,,,
North Dakota,arrowleaf sweet coltsfoot,,,,,,,,,,,,,,,,,,,,,,,,,,,,,,,,,
North Dakota,upright prairie coneflower,,,,,,,,,,,,,,,,,,,,,,,,,,,,,,,,,
North Dakota,scarlet globemallow,,,,,,,,,,,,,,,,,,,,,,,,,,,,,,,,,
North Dakota,yellow salsify,,,,,,,,,,,,,,,,,,,,,,,,,,,,,,,,,
North Dakota,narrowleaf cattail,,,,,,,,,,,,,,,,,,,,,,,,,,,,,,,,,
North Dakota,soapweed yucca,,,,,,,,,,,,,,,,,,,,,,,,,,,,,,,,,
Ohio,wild sarsaparilla,,,,,,,,,,,,,,,,,,,,,,,,,,,,,,,,,
Ohio,Jack in the pulpit,,,,,,,,,,,,,,,,,,,,,,,,,,,,,,,,,
Ohio,butterfly milkweed,,,,,,,,,,,,,,,,,,,,,,,,,,,,,,,,,
Ohio,bearded beggarticks,,,,,,,,,,,,,,,,,,,,,,,,,,,,,,,,,
Ohio,marsh bellflower,,,,,,,,,,,,,,,,,,,,,,,,,,,,,,,,,
Ohio,lanceleaf tickseed,,,,,,,,,,,,,,,,,,,,,,,,,,,,,,,,,
Ohio,bunchberry dogwood,,,,,,,,,,,,,,,,,,,,,,,,,,,,,,,,,
Ohio,Missouri gourd,,,,,,,,,,,,,,,,,,,,,,,,,,,,,,,,,
Ohio,panicledleaf ticktrefoil,,,,,,,,,,,,,,,,,,,,,,,,,,,,,,,,,
Ohio,common sunflower,,,,,,,,,,,,,,,,,,,,,,,,,,,,,,,,,
Ohio,hyacinthbean,,,,,,,,,,,,,,,,,,,,,,,,,,,,,,,,,
Ohio,beach pea,,,,,,,,,,,,,,,,,,,,,,,,,,,,,,,,,
Ohio,hairy lespedeza,,,,,,,,,,,,,,,,,,,,,,,,,,,,,,,,,
Ohio,Virginia water horehound,,,,,,,,,,,,,,,,,,,,,,,,,,,,,,,,,
Ohio,lanceleaf loosestrife,,,,,,,,,,,,,,,,,,,,,,,,,,,,,,,,,
Ohio,climbing hempvine,,,,,,,,,,,,,,,,,,,,,,,,,,,,,,,,,
Ohio,American lotus,,,,,,,,,,,,,,,,,,,,,,,,,,,,,,,,,
Ohio,yellow passionflower,,,,,,,,,,,,,,,,,,,,,,,,,,,,,,,,,
Ohio,American pokeweed,,,,,,,,,,,,,,,,,,,,,,,,,,,,,,,,,
Ohio,upright prairie coneflower,,,,,,,,,,,,,,,,,,,,,,,,,,,,,,,,,
Ohio,pinnate prairie coneflower,,,,,,,,,,,,,,,,,,,,,,,,,,,,,,,,,
Ohio,stalkless yellowcress,,,,,,,,,,,,,,,,,,,,,,,,,,,,,,,,,
Ohio,yellow salsify,,,,,,,,,,,,,,,,,,,,,,,,,,,,,,,,,
Ohio,salsify,,,,,,,,,,,,,,,,,,,,,,,,,,,,,,,,,
Ohio,narrowleaf cattail,,,,,,,,,,,,,,,,,,,,,,,,,,,,,,,,,
Ohio,cowpea,,,,,,,,,,,,,,,,,,,,,,,,,,,,,,,,,
Oklahoma,crested pricklypoppy,,,,,,,,,,,,,,,,,,,,,,,,,,,,,,,,,
Oklahoma,Jack in the pulpit,,,,,,,,,,,,,,,,,,,,,,,,,,,,,,,,,
Oklahoma,showy milkweed,,,,,,,,,,,,,,,,,,,,,,,,,,,,,,,,,
Oklahoma,butterfly milkweed,,,,,,,,,,,,,,,,,,,,,,,,,,,,,,,,,
Oklahoma,bearded beggarticks,,,,,,,,,,,,,,,,,,,,,,,,,,,,,,,,,
Oklahoma,lanceleaf tickseed,,,,,,,,,,,,,,,,,,,,,,,,,,,,,,,,,
Oklahoma,showy rattlebox,,,,,,,,,,,,,,,,,,,,,,,,,,,,,,,,,
Oklahoma,Missouri gourd,,,,,,,,,,,,,,,,,,,,,,,,,,,,,,,,,
Oklahoma,panicledleaf ticktrefoil,,,,,,,,,,,,,,,,,,,,,,,,,,,,,,,,,
Oklahoma,clasping coneflower,,,,,,,,,,,,,,,,,,,,,,,,,,,,,,,,,
Oklahoma,American licorice,,,,,,,,,,,,,,,,,,,,,,,,,,,,,,,,,
Oklahoma,common sunflower,,,,,,,,,,,,,,,,,,,,,,,,,,,,,,,,,
Oklahoma,Nuttall's sunflower,,,,,,,,,,,,,,,,,,,,,,,,,,,,,,,,,
Oklahoma,Caley pea,,,,,,,,,,,,,,,,,,,,,,,,,,,,,,,,,
Oklahoma,hairy lespedeza,,,,,,,,,,,,,,,,,,,,,,,,,,,,,,,,,
Oklahoma,silvery lupine,,,,,,,,,,,,,,,,,,,,,,,,,,,,,,,,,
Oklahoma,tailcup lupine,,,,,,,,,,,,,,,,,,,,,,,,,,,,,,,,,
Oklahoma,Virginia water horehound,,,,,,,,,,,,,,,,,,,,,,,,,,,,,,,,,
Oklahoma,lanceleaf loosestrife,,,,,,,,,,,,,,,,,,,,,,,,,,,,,,,,,
Oklahoma,climbing hempvine,,,,,,,,,,,,,,,,,,,,,,,,,,,,,,,,,
Oklahoma,American lotus,,,,,,,,,,,,,,,,,,,,,,,,,,,,,,,,,
Oklahoma,yellow passionflower,,,,,,,,,,,,,,,,,,,,,,,,,,,,,,,,,
Oklahoma,broadbeard beardtongue,,,,,,,,,,,,,,,,,,,,,,,,,,,,,,,,,
Oklahoma,American pokeweed,,,,,,,,,,,,,,,,,,,,,,,,,,,,,,,,,
Oklahoma,upright prairie coneflower,,,,,,,,,,,,,,,,,,,,,,,,,,,,,,,,,
Oklahoma,pinnate prairie coneflower,,,,,,,,,,,,,,,,,,,,,,,,,,,,,,,,,
Oklahoma,stalkless yellowcress,,,,,,,,,,,,,,,,,,,,,,,,,,,,,,,,,
Oklahoma,scarlet globemallow,,,,,,,,,,,,,,,,,,,,,,,,,,,,,,,,,
Oklahoma,yellow salsify,,,,,,,,,,,,,,,,,,,,,,,,,,,,,,,,,
Oklahoma,salsify,,,,,,,,,,,,,,,,,,,,,,,,,,,,,,,,,
Oklahoma,narrowleaf cattail,,,,,,,,,,,,,,,,,,,,,,,,,,,,,,,,,
Oklahoma,soapweed yucca,,,,,,,,,,,,,,,,,,,,,,,,,,,,,,,,,
Oregon,orange agoseris,,,,,,,,,,,,,,,,,,,,,,,,,,,,,,,,,
Oregon,pale agoseris,,,,,,,,,,,,,,,,,,,,,,,,,,,,,,,,,
Oregon,Douglas' onion,,,,,,,,,,,,,,,,,,,,,,,,,,,,,,,,,
Oregon,Tolmie's onion,,,,,,,,,,,,,,,,,,,,,,,,,,,,,,,,,
Oregon,Pacific onion,,,,,,,,,,,,,,,,,,,,,,,,,,,,,,,,,
Oregon,rush pussytoes,,,,,,,,,,,,,,,,,,,,,,,,,,,,,,,,,
Oregon,western columbine,,,,,,,,,,,,,,,,,,,,,,,,,,,,,,,,,
Oregon,thrift seapink,,,,,,,,,,,,,,,,,,,,,,,,,,,,,,,,,
Oregon,showy milkweed,,,,,,,,,,,,,,,,,,,,,,,,,,,,,,,,,
Oregon,purple milkvetch,,,,,,,,,,,,,,,,,,,,,,,,,,,,,,,,,
Oregon,curvepod milkvetch,,,,,,,,,,,,,,,,,,,,,,,,,,,,,,,,,
Oregon,freckled milkvetch,,,,,,,,,,,,,,,,,,,,,,,,,,,,,,,,,
Oregon,red goosefoot,,,,,,,,,,,,,,,,,,,,,,,,,,,,,,,,,
Oregon,western water hemlock,,,,,,,,,,,,,,,,,,,,,,,,,,,,,,,,,
Oregon,lanceleaf tickseed,,,,,,,,,,,,,,,,,,,,,,,,,,,,,,,,,
Oregon,bunchberry dogwood,,,,,,,,,,,,,,,,,,,,,,,,,,,,,,,,,
Oregon,Sierra larkspur,,,,,,,,,,,,,,,,,,,,,,,,,,,,,,,,,
Oregon,darkthroat shootingstar,,,,,,,,,,,,,,,,,,,,,,,,,,,,,,,,,
Oregon,eightpetal mountain-avens,,,,,,,,,,,,,,,,,,,,,,,,,,,,,,,,,
Oregon,longbeak stork's bill,,,,,,,,,,,,,,,,,,,,,,,,,,,,,,,,,
Oregon,beach strawberry,,,,,,,,,,,,,,,,,,,,,,,,,,,,,,,,,
Oregon,Oregon geranium,,,,,,,,,,,,,,,,,,,,,,,,,,,,,,,,,
Oregon,sticky purple geranium,,,,,,,,,,,,,,,,,,,,,,,,,,,,,,,,,
Oregon,American licorice,,,,,,,,,,,,,,,,,,,,,,,,,,,,,,,,,
Oregon,common sunflower,,,,,,,,,,,,,,,,,,,,,,,,,,,,,,,,,
Oregon,Nuttall's sunflower,,,,,,,,,,,,,,,,,,,,,,,,,,,,,,,,,
Oregon,Rocky Mountain iris,,,,,,,,,,,,,,,,,,,,,,,,,,,,,,,,,
Oregon,Caley pea,,,,,,,,,,,,,,,,,,,,,,,,,,,,,,,,,
Oregon,beach pea,,,,,,,,,,,,,,,,,,,,,,,,,,,,,,,,,
Oregon,silky beach pea,,,,,,,,,,,,,,,,,,,,,,,,,,,,,,,,,
Oregon,fernleaf biscuitroot,,,,,,,,,,,,,,,,,,,,,,,,,,,,,,,,,
Oregon,sicklekeel lupine,,,,,,,,,,,,,,,,,,,,,,,,,,,,,,,,,
Oregon,arctic lupine,,,,,,,,,,,,,,,,,,,,,,,,,,,,,,,,,
Oregon,silvery lupine,,,,,,,,,,,,,,,,,,,,,,,,,,,,,,,,,
Oregon,tailcup lupine,,,,,,,,,,,,,,,,,,,,,,,,,,,,,,,,,
Oregon,broadleaf lupine,,,,,,,,,,,,,,,,,,,,,,,,,,,,,,,,,
Oregon,Pacific lupine,,,,,,,,,,,,,,,,,,,,,,,,,,,,,,,,,
Oregon,silky lupine,,,,,,,,,,,,,,,,,,,,,,,,,,,,,,,,,
Oregon,sulphur lupine,,,,,,,,,,,,,,,,,,,,,,,,,,,,,,,,,
Oregon,nodding microseris,,,,,,,,,,,,,,,,,,,,,,,,,,,,,,,,,
Oregon,yellow penstemon,,,,,,,,,,,,,,,,,,,,,,,,,,,,,,,,,
Oregon,Venus penstemon,,,,,,,,,,,,,,,,,,,,,,,,,,,,,,,,,
Oregon,American pokeweed,,,,,,,,,,,,,,,,,,,,,,,,,,,,,,,,,
Oregon,Davis' knotweed,,,,,,,,,,,,,,,,,,,,,,,,,,,,,,,,,
Oregon,curvepod yellowcress,,,,,,,,,,,,,,,,,,,,,,,,,,,,,,,,,
Oregon,scarlet globemallow,,,,,,,,,,,,,,,,,,,,,,,,,,,,,,,,,
Oregon,gooseberryleaf globemallow,,,,,,,,,,,,,,,,,,,,,,,,,,,,,,,,,
Oregon,yellow salsify,,,,,,,,,,,,,,,,,,,,,,,,,,,,,,,,,
Oregon,salsify,,,,,,,,,,,,,,,,,,,,,,,,,,,,,,,,,
Oregon,cows clover,,,,,,,,,,,,,,,,,,,,,,,,,,,,,,,,,
Oregon,narrowleaf cattail,,,,,,,,,,,,,,,,,,,,,,,,,,,,,,,,,
Oregon,smooth yellow vetch,,,,,,,,,,,,,,,,,,,,,,,,,,,,,,,,,
Pennsylvania,wild sarsaparilla,,,,,,,,,,,,,,,,,,,,,,,,,,,,,,,,,
Pennsylvania,Jack in the pulpit,,,,,,,,,,,,,,,,,,,,,,,,,,,,,,,,,
Pennsylvania,thrift seapink,,,,,,,,,,,,,,,,,,,,,,,,,,,,,,,,,
Pennsylvania,butterfly milkweed,,,,,,,,,,,,,,,,,,,,,,,,,,,,,,,,,
Pennsylvania,bearded beggarticks,,,,,,,,,,,,,,,,,,,,,,,,,,,,,,,,,
Pennsylvania,marsh bellflower,,,,,,,,,,,,,,,,,,,,,,,,,,,,,,,,,
Pennsylvania,red goosefoot,,,,,,,,,,,,,,,,,,,,,,,,,,,,,,,,,
Pennsylvania,lanceleaf tickseed,,,,,,,,,,,,,,,,,,,,,,,,,,,,,,,,,
Pennsylvania,bunchberry dogwood,,,,,,,,,,,,,,,,,,,,,,,,,,,,,,,,,
Pennsylvania,panicledleaf ticktrefoil,,,,,,,,,,,,,,,,,,,,,,,,,,,,,,,,,
Pennsylvania,American licorice,,,,,,,,,,,,,,,,,,,,,,,,,,,,,,,,,
Pennsylvania,common sunflower,,,,,,,,,,,,,,,,,,,,,,,,,,,,,,,,,
Pennsylvania,hyacinthbean,,,,,,,,,,,,,,,,,,,,,,,,,,,,,,,,,
Pennsylvania,beach pea,,,,,,,,,,,,,,,,,,,,,,,,,,,,,,,,,
Pennsylvania,hairy lespedeza,,,,,,,,,,,,,,,,,,,,,,,,,,,,,,,,,
Pennsylvania,Virginia water horehound,,,,,,,,,,,,,,,,,,,,,,,,,,,,,,,,,
Pennsylvania,lanceleaf loosestrife,,,,,,,,,,,,,,,,,,,,,,,,,,,,,,,,,
Pennsylvania,climbing hempvine,,,,,,,,,,,,,,,,,,,,,,,,,,,,,,,,,
Pennsylvania,American lotus,,,,,,,,,,,,,,,,,,,,,,,,,,,,,,,,,
Pennsylvania,yellow passionflower,,,,,,,,,,,,,,,,,,,,,,,,,,,,,,,,,
Pennsylvania,American pokeweed,,,,,,,,,,,,,,,,,,,,,,,,,,,,,,,,,
Pennsylvania,upright prairie coneflower,,,,,,,,,,,,,,,,,,,,,,,,,,,,,,,,,
Pennsylvania,pinnate prairie coneflower,,,,,,,,,,,,,,,,,,,,,,,,,,,,,,,,,
Pennsylvania,yellow salsify,,,,,,,,,,,,,,,,,,,,,,,,,,,,,,,,,
Pennsylvania,salsify,,,,,,,,,,,,,,,,,,,,,,,,,,,,,,,,,
Pennsylvania,narrowleaf cattail,,,,,,,,,,,,,,,,,,,,,,,,,,,,,,,,,
Pennsylvania,cowpea,,,,,,,,,,,,,,,,,,,,,,,,,,,,,,,,,
Rhode Island,wild sarsaparilla,,,,,,,,,,,,,,,,,,,,,,,,,,,,,,,,,
Rhode Island,Jack in the pulpit,,,,,,,,,,,,,,,,,,,,,,,,,,,,,,,,,
Rhode Island,butterfly milkweed,,,,,,,,,,,,,,,,,,,,,,,,,,,,,,,,,
Rhode Island,marsh bellflower,,,,,,,,,,,,,,,,,,,,,,,,,,,,,,,,,
Rhode Island,red goosefoot,,,,,,,,,,,,,,,,,,,,,,,,,,,,,,,,,
Rhode Island,lanceleaf tickseed,,,,,,,,,,,,,,,,,,,,,,,,,,,,,,,,,
Rhode Island,bunchberry dogwood,,,,,,,,,,,,,,,,,,,,,,,,,,,,,,,,,
Rhode Island,panicledleaf ticktrefoil,,,,,,,,,,,,,,,,,,,,,,,,,,,,,,,,,
Rhode Island,American licorice,,,,,,,,,,,,,,,,,,,,,,,,,,,,,,,,,
Rhode Island,common sunflower,,,,,,,,,,,,,,,,,,,,,,,,,,,,,,,,,
Rhode Island,beach pea,,,,,,,,,,,,,,,,,,,,,,,,,,,,,,,,,
Rhode Island,hairy lespedeza,,,,,,,,,,,,,,,,,,,,,,,,,,,,,,,,,
Rhode Island,Virginia water horehound,,,,,,,,,,,,,,,,,,,,,,,,,,,,,,,,,
Rhode Island,climbing hempvine,,,,,,,,,,,,,,,,,,,,,,,,,,,,,,,,,
Rhode Island,American pokeweed,,,,,,,,,,,,,,,,,,,,,,,,,,,,,,,,,
Rhode Island,yellow salsify,,,,,,,,,,,,,,,,,,,,,,,,,,,,,,,,,
Rhode Island,narrowleaf cattail,,,,,,,,,,,,,,,,,,,,,,,,,,,,,,,,,
South Carolina,wild sarsaparilla,,,,,,,,,,,,,,,,,,,,,,,,,,,,,,,,,
South Carolina,Jack in the pulpit,,,,,,,,,,,,,,,,,,,,,,,,,,,,,,,,,
South Carolina,butterfly milkweed,,,,,,,,,,,,,,,,,,,,,,,,,,,,,,,,,
South Carolina,bearded beggarticks,,,,,,,,,,,,,,,,,,,,,,,,,,,,,,,,,
South Carolina,marsh bellflower,,,,,,,,,,,,,,,,,,,,,,,,,,,,,,,,,
South Carolina,lanceleaf tickseed,,,,,,,,,,,,,,,,,,,,,,,,,,,,,,,,,
South Carolina,showy rattlebox,,,,,,,,,,,,,,,,,,,,,,,,,,,,,,,,,
South Carolina,panicledleaf ticktrefoil,,,,,,,,,,,,,,,,,,,,,,,,,,,,,,,,,
South Carolina,dixie ticktrefoil,,,,,,,,,,,,,,,,,,,,,,,,,,,,,,,,,
South Carolina,clasping coneflower,,,,,,,,,,,,,,,,,,,,,,,,,,,,,,,,,
South Carolina,common sunflower,,,,,,,,,,,,,,,,,,,,,,,,,,,,,,,,,
South Carolina,comfortroot,,,,,,,,,,,,,,,,,,,,,,,,,,,,,,,,,
South Carolina,Caley pea,,,,,,,,,,,,,,,,,,,,,,,,,,,,,,,,,
South Carolina,hairy lespedeza,,,,,,,,,,,,,,,,,,,,,,,,,,,,,,,,,
South Carolina,Virginia water horehound,,,,,,,,,,,,,,,,,,,,,,,,,,,,,,,,,
South Carolina,lanceleaf loosestrife,,,,,,,,,,,,,,,,,,,,,,,,,,,,,,,,,
South Carolina,climbing hempvine,,,,,,,,,,,,,,,,,,,,,,,,,,,,,,,,,
South Carolina,American lotus,,,,,,,,,,,,,,,,,,,,,,,,,,,,,,,,,
South Carolina,yellow passionflower,,,,,,,,,,,,,,,,,,,,,,,,,,,,,,,,,
South Carolina,American pokeweed,,,,,,,,,,,,,,,,,,,,,,,,,,,,,,,,,
South Carolina,upright prairie coneflower,,,,,,,,,,,,,,,,,,,,,,,,,,,,,,,,,
South Carolina,pinnate prairie coneflower,,,,,,,,,,,,,,,,,,,,,,,,,,,,,,,,,
South Carolina,stalkless yellowcress,,,,,,,,,,,,,,,,,,,,,,,,,,,,,,,,,
South Carolina,narrowleaf cattail,,,,,,,,,,,,,,,,,,,,,,,,,,,,,,,,,
South Carolina,cowpea,,,,,,,,,,,,,,,,,,,,,,,,,,,,,,,,,
South Dakota,orange agoseris,,,,,,,,,,,,,,,,,,,,,,,,,,,,,,,,,
South Dakota,pale agoseris,,,,,,,,,,,,,,,,,,,,,,,,,,,,,,,,,
South Dakota,textile onion,,,,,,,,,,,,,,,,,,,,,,,,,,,,,,,,,
South Dakota,wild sarsaparilla,,,,,,,,,,,,,,,,,,,,,,,,,,,,,,,,,
South Dakota,crested pricklypoppy,,,,,,,,,,,,,,,,,,,,,,,,,,,,,,,,,
South Dakota,Jack in the pulpit,,,,,,,,,,,,,,,,,,,,,,,,,,,,,,,,,
South Dakota,showy milkweed,,,,,,,,,,,,,,,,,,,,,,,,,,,,,,,,,
South Dakota,butterfly milkweed,,,,,,,,,,,,,,,,,,,,,,,,,,,,,,,,,
South Dakota,purple milkvetch,,,,,,,,,,,,,,,,,,,,,,,,,,,,,,,,,
South Dakota,marsh bellflower,,,,,,,,,,,,,,,,,,,,,,,,,,,,,,,,,
South Dakota,red goosefoot,,,,,,,,,,,,,,,,,,,,,,,,,,,,,,,,,
South Dakota,bunchberry dogwood,,,,,,,,,,,,,,,,,,,,,,,,,,,,,,,,,
South Dakota,darkthroat shootingstar,,,,,,,,,,,,,,,,,,,,,,,,,,,,,,,,,
South Dakota,sticky purple geranium,,,,,,,,,,,,,,,,,,,,,,,,,,,,,,,,,
South Dakota,American licorice,,,,,,,,,,,,,,,,,,,,,,,,,,,,,,,,,
South Dakota,common sunflower,,,,,,,,,,,,,,,,,,,,,,,,,,,,,,,,,
South Dakota,Nuttall's sunflower,,,,,,,,,,,,,,,,,,,,,,,,,,,,,,,,,
South Dakota,Rocky Mountain iris,,,,,,,,,,,,,,,,,,,,,,,,,,,,,,,,,
South Dakota,silvery lupine,,,,,,,,,,,,,,,,,,,,,,,,,,,,,,,,,
South Dakota,tailcup lupine,,,,,,,,,,,,,,,,,,,,,,,,,,,,,,,,,
South Dakota,silky lupine,,,,,,,,,,,,,,,,,,,,,,,,,,,,,,,,,
South Dakota,nodding microseris,,,,,,,,,,,,,,,,,,,,,,,,,,,,,,,,,
South Dakota,broadbeard beardtongue,,,,,,,,,,,,,,,,,,,,,,,,,,,,,,,,,
South Dakota,arrowleaf sweet coltsfoot,,,,,,,,,,,,,,,,,,,,,,,,,,,,,,,,,
South Dakota,upright prairie coneflower,,,,,,,,,,,,,,,,,,,,,,,,,,,,,,,,,
South Dakota,pinnate prairie coneflower,,,,,,,,,,,,,,,,,,,,,,,,,,,,,,,,,
South Dakota,stalkless yellowcress,,,,,,,,,,,,,,,,,,,,,,,,,,,,,,,,,
South Dakota,scarlet globemallow,,,,,,,,,,,,,,,,,,,,,,,,,,,,,,,,,
South Dakota,yellow salsify,,,,,,,,,,,,,,,,,,,,,,,,,,,,,,,,,
South Dakota,salsify,,,,,,,,,,,,,,,,,,,,,,,,,,,,,,,,,
South Dakota,narrowleaf cattail,,,,,,,,,,,,,,,,,,,,,,,,,,,,,,,,,
South Dakota,soapweed yucca,,,,,,,,,,,,,,,,,,,,,,,,,,,,,,,,,
Tennessee,wild sarsaparilla,,,,,,,,,,,,,,,,,,,,,,,,,,,,,,,,,
Tennessee,Jack in the pulpit,,,,,,,,,,,,,,,,,,,,,,,,,,,,,,,,,
Tennessee,butterfly milkweed,,,,,,,,,,,,,,,,,,,,,,,,,,,,,,,,,
Tennessee,bearded beggarticks,,,,,,,,,,,,,,,,,,,,,,,,,,,,,,,,,
Tennessee,marsh bellflower,,,,,,,,,,,,,,,,,,,,,,,,,,,,,,,,,
Tennessee,lanceleaf tickseed,,,,,,,,,,,,,,,,,,,,,,,,,,,,,,,,,
Tennessee,showy rattlebox,,,,,,,,,,,,,,,,,,,,,,,,,,,,,,,,,
Tennessee,panicledleaf ticktrefoil,,,,,,,,,,,,,,,,,,,,,,,,,,,,,,,,,
Tennessee,common sunflower,,,,,,,,,,,,,,,,,,,,,,,,,,,,,,,,,
Tennessee,Caley pea,,,,,,,,,,,,,,,,,,,,,,,,,,,,,,,,,
Tennessee,hairy lespedeza,,,,,,,,,,,,,,,,,,,,,,,,,,,,,,,,,
Tennessee,Virginia water horehound,,,,,,,,,,,,,,,,,,,,,,,,,,,,,,,,,
Tennessee,lanceleaf loosestrife,,,,,,,,,,,,,,,,,,,,,,,,,,,,,,,,,
Tennessee,climbing hempvine,,,,,,,,,,,,,,,,,,,,,,,,,,,,,,,,,
Tennessee,American lotus,,,,,,,,,,,,,,,,,,,,,,,,,,,,,,,,,
Tennessee,yellow passionflower,,,,,,,,,,,,,,,,,,,,,,,,,,,,,,,,,
Tennessee,American pokeweed,,,,,,,,,,,,,,,,,,,,,,,,,,,,,,,,,
Tennessee,upright prairie coneflower,,,,,,,,,,,,,,,,,,,,,,,,,,,,,,,,,
Tennessee,pinnate prairie coneflower,,,,,,,,,,,,,,,,,,,,,,,,,,,,,,,,,
Tennessee,stalkless yellowcress,,,,,,,,,,,,,,,,,,,,,,,,,,,,,,,,,
Tennessee,yellow salsify,,,,,,,,,,,,,,,,,,,,,,,,,,,,,,,,,
Tennessee,salsify,,,,,,,,,,,,,,,,,,,,,,,,,,,,,,,,,
Tennessee,small white clover,,,,,,,,,,,,,,,,,,,,,,,,,,,,,,,,,
Tennessee,narrowleaf cattail,,,,,,,,,,,,,,,,,,,,,,,,,,,,,,,,,
Texas,crested pricklypoppy,,,,,,,,,,,,,,,,,,,,,,,,,,,,,,,,,
Texas,Jack in the pulpit,,,,,,,,,,,,,,,,,,,,,,,,,,,,,,,,,
Texas,showy milkweed,,,,,,,,,,,,,,,,,,,,,,,,,,,,,,,,,
Texas,butterfly milkweed,,,,,,,,,,,,,,,,,,,,,,,,,,,,,,,,,
Texas,freckled milkvetch,,,,,,,,,,,,,,,,,,,,,,,,,,,,,,,,,
Texas,bearded beggarticks,,,,,,,,,,,,,,,,,,,,,,,,,,,,,,,,,
Texas,lanceleaf tickseed,,,,,,,,,,,,,,,,,,,,,,,,,,,,,,,,,
Texas,showy rattlebox,,,,,,,,,,,,,,,,,,,,,,,,,,,,,,,,,
Texas,Missouri gourd,,,,,,,,,,,,,,,,,,,,,,,,,,,,,,,,,
Texas,panicledleaf ticktrefoil,,,,,,,,,,,,,,,,,,,,,,,,,,,,,,,,,
Texas,dixie ticktrefoil,,,,,,,,,,,,,,,,,,,,,,,,,,,,,,,,,
Texas,clasping coneflower,,,,,,,,,,,,,,,,,,,,,,,,,,,,,,,,,
Texas,longbeak stork's bill,,,,,,,,,,,,,,,,,,,,,,,,,,,,,,,,,
Texas,American licorice,,,,,,,,,,,,,,,,,,,,,,,,,,,,,,,,,
Texas,common sunflower,,,,,,,,,,,,,,,,,,,,,,,,,,,,,,,,,
Texas,comfortroot,,,,,,,,,,,,,,,,,,,,,,,,,,,,,,,,,
Texas,Caley pea,,,,,,,,,,,,,,,,,,,,,,,,,,,,,,,,,
Texas,hairy lespedeza,,,,,,,,,,,,,,,,,,,,,,,,,,,,,,,,,
Texas,silvery lupine,,,,,,,,,,,,,,,,,,,,,,,,,,,,,,,,,
Texas,tailcup lupine,,,,,,,,,,,,,,,,,,,,,,,,,,,,,,,,,
Texas,Big Bend bluebonnet,,,,,,,,,,,,,,,,,,,,,,,,,,,,,,,,,
Texas,Virginia water horehound,,,,,,,,,,,,,,,,,,,,,,,,,,,,,,,,,
Texas,lanceleaf loosestrife,,,,,,,,,,,,,,,,,,,,,,,,,,,,,,,,,
Texas,purple bushbean,,,,,,,,,,,,,,,,,,,,,,,,,,,,,,,,,
Texas,rough menodora,,,,,,,,,,,,,,,,,,,,,,,,,,,,,,,,,
Texas,climbing hempvine,,,,,,,,,,,,,,,,,,,,,,,,,,,,,,,,,
Texas,American lotus,,,,,,,,,,,,,,,,,,,,,,,,,,,,,,,,,
Texas,yellow passionflower,,,,,,,,,,,,,,,,,,,,,,,,,,,,,,,,,
Texas,American pokeweed,,,,,,,,,,,,,,,,,,,,,,,,,,,,,,,,,
Texas,upright prairie coneflower,,,,,,,,,,,,,,,,,,,,,,,,,,,,,,,,,
Texas,stalkless yellowcress,,,,,,,,,,,,,,,,,,,,,,,,,,,,,,,,,
Texas,scarlet globemallow,,,,,,,,,,,,,,,,,,,,,,,,,,,,,,,,,
Texas,yellow salsify,,,,,,,,,,,,,,,,,,,,,,,,,,,,,,,,,
Texas,salsify,,,,,,,,,,,,,,,,,,,,,,,,,,,,,,,,,
Texas,cows clover,,,,,,,,,,,,,,,,,,,,,,,,,,,,,,,,,
Texas,smooth yellow vetch,,,,,,,,,,,,,,,,,,,,,,,,,,,,,,,,,
Texas,cowpea,,,,,,,,,,,,,,,,,,,,,,,,,,,,,,,,,
Texas,banana yucca,,,,,,,,,,,,,,,,,,,,,,,,,,,,,,,,,
Texas,soapweed yucca,,,,,,,,,,,,,,,,,,,,,,,,,,,,,,,,,
Utah,orange agoseris,,,,,,,,,,,,,,,,,,,,,,,,,,,,,,,,,
Utah,pale agoseris,,,,,,,,,,,,,,,,,,,,,,,,,,,,,,,,,
Utah,textile onion,,,,,,,,,,,,,,,,,,,,,,,,,,,,,,,,,
Utah,rush pussytoes,,,,,,,,,,,,,,,,,,,,,,,,,,,,,,,,,
Utah,western columbine,,,,,,,,,,,,,,,,,,,,,,,,,,,,,,,,,
Utah,crested pricklypoppy,,,,,,,,,,,,,,,,,,,,,,,,,,,,,,,,,
Utah,showy milkweed,,,,,,,,,,,,,,,,,,,,,,,,,,,,,,,,,
Utah,butterfly milkweed,,,,,,,,,,,,,,,,,,,,,,,,,,,,,,,,,
Utah,purple milkvetch,,,,,,,,,,,,,,,,,,,,,,,,,,,,,,,,,
Utah,chickpea milkvetch,,,,,,,,,,,,,,,,,,,,,,,,,,,,,,,,,
Utah,freckled milkvetch,,,,,,,,,,,,,,,,,,,,,,,,,,,,,,,,,
Utah,red goosefoot,,,,,,,,,,,,,,,,,,,,,,,,,,,,,,,,,
Utah,Missouri gourd,,,,,,,,,,,,,,,,,,,,,,,,,,,,,,,,,
Utah,Sierra larkspur,,,,,,,,,,,,,,,,,,,,,,,,,,,,,,,,,
Utah,darkthroat shootingstar,,,,,,,,,,,,,,,,,,,,,,,,,,,,,,,,,
Utah,eightpetal mountain-avens,,,,,,,,,,,,,,,,,,,,,,,,,,,,,,,,,
Utah,sticky purple geranium,,,,,,,,,,,,,,,,,,,,,,,,,,,,,,,,,
Utah,American licorice,,,,,,,,,,,,,,,,,,,,,,,,,,,,,,,,,
Utah,common sunflower,,,,,,,,,,,,,,,,,,,,,,,,,,,,,,,,,
Utah,Nuttall's sunflower,,,,,,,,,,,,,,,,,,,,,,,,,,,,,,,,,
Utah,scarlet gilia,,,,,,,,,,,,,,,,,,,,,,,,,,,,,,,,,
Utah,Rocky Mountain iris,,,,,,,,,,,,,,,,,,,,,,,,,,,,,,,,,
Utah,fernleaf biscuitroot,,,,,,,,,,,,,,,,,,,,,,,,,,,,,,,,,
Utah,silvery lupine,,,,,,,,,,,,,,,,,,,,,,,,,,,,,,,,,
Utah,tailcup lupine,,,,,,,,,,,,,,,,,,,,,,,,,,,,,,,,,
Utah,broadleaf lupine,,,,,,,,,,,,,,,,,,,,,,,,,,,,,,,,,
Utah,silky lupine,,,,,,,,,,,,,,,,,,,,,,,,,,,,,,,,,
Utah,rough menodora,,,,,,,,,,,,,,,,,,,,,,,,,,,,,,,,,
Utah,nodding microseris,,,,,,,,,,,,,,,,,,,,,,,,,,,,,,,,,
Utah,broadbeard beardtongue,,,,,,,,,,,,,,,,,,,,,,,,,,,,,,,,,
Utah,firecracker penstemon,,,,,,,,,,,,,,,,,,,,,,,,,,,,,,,,,
Utah,Rocky Mountain penstemon,,,,,,,,,,,,,,,,,,,,,,,,,,,,,,,,,
Utah,Venus penstemon,,,,,,,,,,,,,,,,,,,,,,,,,,,,,,,,,
Utah,Whipple's penstemon,,,,,,,,,,,,,,,,,,,,,,,,,,,,,,,,,
Utah,upright prairie coneflower,,,,,,,,,,,,,,,,,,,,,,,,,,,,,,,,,
Utah,scarlet globemallow,,,,,,,,,,,,,,,,,,,,,,,,,,,,,,,,,
Utah,gooseberryleaf globemallow,,,,,,,,,,,,,,,,,,,,,,,,,,,,,,,,,
Utah,yellow salsify,,,,,,,,,,,,,,,,,,,,,,,,,,,,,,,,,
Utah,salsify,,,,,,,,,,,,,,,,,,,,,,,,,,,,,,,,,
Utah,cows clover,,,,,,,,,,,,,,,,,,,,,,,,,,,,,,,,,
Utah,banana yucca,,,,,,,,,,,,,,,,,,,,,,,,,,,,,,,,,
Vermont,wild sarsaparilla,,,,,,,,,,,,,,,,,,,,,,,,,,,,,,,,,
Vermont,Jack in the pulpit,,,,,,,,,,,,,,,,,,,,,,,,,,,,,,,,,
Vermont,butterfly milkweed,,,,,,,,,,,,,,,,,,,,,,,,,,,,,,,,,
Vermont,marsh bellflower,,,,,,,,,,,,,,,,,,,,,,,,,,,,,,,,,
Vermont,lanceleaf tickseed,,,,,,,,,,,,,,,,,,,,,,,,,,,,,,,,,
Vermont,bunchberry dogwood,,,,,,,,,,,,,,,,,,,,,,,,,,,,,,,,,
Vermont,panicledleaf ticktrefoil,,,,,,,,,,,,,,,,,,,,,,,,,,,,,,,,,
Vermont,longbeak stork's bill,,,,,,,,,,,,,,,,,,,,,,,,,,,,,,,,,
Vermont,common sunflower,,,,,,,,,,,,,,,,,,,,,,,,,,,,,,,,,
Vermont,beach pea,,,,,,,,,,,,,,,,,,,,,,,,,,,,,,,,,
Vermont,hairy lespedeza,,,,,,,,,,,,,,,,,,,,,,,,,,,,,,,,,
Vermont,Virginia water horehound,,,,,,,,,,,,,,,,,,,,,,,,,,,,,,,,,
Vermont,American pokeweed,,,,,,,,,,,,,,,,,,,,,,,,,,,,,,,,,
Vermont,pinnate prairie coneflower,,,,,,,,,,,,,,,,,,,,,,,,,,,,,,,,,
Vermont,yellow salsify,,,,,,,,,,,,,,,,,,,,,,,,,,,,,,,,,
Vermont,salsify,,,,,,,,,,,,,,,,,,,,,,,,,,,,,,,,,
Vermont,narrowleaf cattail,,,,,,,,,,,,,,,,,,,,,,,,,,,,,,,,,
Virginia,wild sarsaparilla,,,,,,,,,,,,,,,,,,,,,,,,,,,,,,,,,
Virginia,Jack in the pulpit,,,,,,,,,,,,,,,,,,,,,,,,,,,,,,,,,
Virginia,butterfly milkweed,,,,,,,,,,,,,,,,,,,,,,,,,,,,,,,,,
Virginia,bearded beggarticks,,,,,,,,,,,,,,,,,,,,,,,,,,,,,,,,,
Virginia,marsh bellflower,,,,,,,,,,,,,,,,,,,,,,,,,,,,,,,,,
Virginia,lanceleaf tickseed,,,,,,,,,,,,,,,,,,,,,,,,,,,,,,,,,
Virginia,bunchberry dogwood,,,,,,,,,,,,,,,,,,,,,,,,,,,,,,,,,
Virginia,showy rattlebox,,,,,,,,,,,,,,,,,,,,,,,,,,,,,,,,,
Virginia,Missouri gourd,,,,,,,,,,,,,,,,,,,,,,,,,,,,,,,,,
Virginia,panicledleaf ticktrefoil,,,,,,,,,,,,,,,,,,,,,,,,,,,,,,,,,
Virginia,American licorice,,,,,,,,,,,,,,,,,,,,,,,,,,,,,,,,,
Virginia,common sunflower,,,,,,,,,,,,,,,,,,,,,,,,,,,,,,,,,
Virginia,hyacinthbean,,,,,,,,,,,,,,,,,,,,,,,,,,,,,,,,,
Virginia,Caley pea,,,,,,,,,,,,,,,,,,,,,,,,,,,,,,,,,
Virginia,hairy lespedeza,,,,,,,,,,,,,,,,,,,,,,,,,,,,,,,,,
Virginia,Virginia water horehound,,,,,,,,,,,,,,,,,,,,,,,,,,,,,,,,,
Virginia,lanceleaf loosestrife,,,,,,,,,,,,,,,,,,,,,,,,,,,,,,,,,
Virginia,climbing hempvine,,,,,,,,,,,,,,,,,,,,,,,,,,,,,,,,,
Virginia,American lotus,,,,,,,,,,,,,,,,,,,,,,,,,,,,,,,,,
Virginia,yellow passionflower,,,,,,,,,,,,,,,,,,,,,,,,,,,,,,,,,
Virginia,American pokeweed,,,,,,,,,,,,,,,,,,,,,,,,,,,,,,,,,
Virginia,pinnate prairie coneflower,,,,,,,,,,,,,,,,,,,,,,,,,,,,,,,,,
Virginia,stalkless yellowcress,,,,,,,,,,,,,,,,,,,,,,,,,,,,,,,,,
Virginia,yellow salsify,,,,,,,,,,,,,,,,,,,,,,,,,,,,,,,,,
Virginia,salsify,,,,,,,,,,,,,,,,,,,,,,,,,,,,,,,,,
Virginia,narrowleaf cattail,,,,,,,,,,,,,,,,,,,,,,,,,,,,,,,,,
Virginia,mung bean,,,,,,,,,,,,,,,,,,,,,,,,,,,,,,,,,
Virginia,cowpea,,,,,,,,,,,,,,,,,,,,,,,,,,,,,,,,,
Washington,orange agoseris,,,,,,,,,,,,,,,,,,,,,,,,,,,,,,,,,
Washington,pale agoseris,,,,,,,,,,,,,,,,,,,,,,,,,,,,,,,,,
Washington,Douglas' onion,,,,,,,,,,,,,,,,,,,,,,,,,,,,,,,,,
Washington,textile onion,,,,,,,,,,,,,,,,,,,,,,,,,,,,,,,,,
Washington,Tolmie's onion,,,,,,,,,,,,,,,,,,,,,,,,,,,,,,,,,
Washington,Pacific onion,,,,,,,,,,,,,,,,,,,,,,,,,,,,,,,,,
Washington,rush pussytoes,,,,,,,,,,,,,,,,,,,,,,,,,,,,,,,,,
Washington,western columbine,,,,,,,,,,,,,,,,,,,,,,,,,,,,,,,,,
Washington,wild sarsaparilla,,,,,,,,,,,,,,,,,,,,,,,,,,,,,,,,,
Washington,crested pricklypoppy,,,,,,,,,,,,,,,,,,,,,,,,,,,,,,,,,
Washington,thrift seapink,,,,,,,,,,,,,,,,,,,,,,,,,,,,,,,,,
Washington,showy milkweed,,,,,,,,,,,,,,,,,,,,,,,,,,,,,,,,,
Washington,purple milkvetch,,,,,,,,,,,,,,,,,,,,,,,,,,,,,,,,,
Washington,chickpea milkvetch,,,,,,,,,,,,,,,,,,,,,,,,,,,,,,,,,
Washington,freckled milkvetch,,,,,,,,,,,,,,,,,,,,,,,,,,,,,,,,,
Washington,marsh bellflower,,,,,,,,,,,,,,,,,,,,,,,,,,,,,,,,,
Washington,fireweed,,,,,,,,,,,,,,,,,,,,,,,,,,,,,,,,,
Washington,red goosefoot,,,,,,,,,,,,,,,,,,,,,,,,,,,,,,,,,
Washington,western water hemlock,,,,,,,,,,,,,,,,,,,,,,,,,,,,,,,,,
Washington,lanceleaf tickseed,,,,,,,,,,,,,,,,,,,,,,,,,,,,,,,,,
Washington,bunchberry dogwood,,,,,,,,,,,,,,,,,,,,,,,,,,,,,,,,,
Washington,Sierra larkspur,,,,,,,,,,,,,,,,,,,,,,,,,,,,,,,,,
Washington,darkthroat shootingstar,,,,,,,,,,,,,,,,,,,,,,,,,,,,,,,,,
Washington,eightpetal mountain-avens,,,,,,,,,,,,,,,,,,,,,,,,,,,,,,,,,
Washington,beach strawberry,,,,,,,,,,,,,,,,,,,,,,,,,,,,,,,,,
Washington,Oregon geranium,,,,,,,,,,,,,,,,,,,,,,,,,,,,,,,,,
Washington,sticky purple geranium,,,,,,,,,,,,,,,,,,,,,,,,,,,,,,,,,
Washington,American licorice,,,,,,,,,,,,,,,,,,,,,,,,,,,,,,,,,
Washington,common sunflower,,,,,,,,,,,,,,,,,,,,,,,,,,,,,,,,,
Washington,Nuttall's sunflower,,,,,,,,,,,,,,,,,,,,,,,,,,,,,,,,,
Washington,scarlet gilia,,,,,,,,,,,,,,,,,,,,,,,,,,,,,,,,,
Washington,Rocky Mountain iris,,,,,,,,,,,,,,,,,,,,,,,,,,,,,,,,,
Washington,beach pea,,,,,,,,,,,,,,,,,,,,,,,,,,,,,,,,,
Washington,silky beach pea,,,,,,,,,,,,,,,,,,,,,,,,,,,,,,,,,
Washington,fernleaf biscuitroot,,,,,,,,,,,,,,,,,,,,,,,,,,,,,,,,,
Washington,sicklekeel lupine,,,,,,,,,,,,,,,,,,,,,,,,,,,,,,,,,
Washington,arctic lupine,,,,,,,,,,,,,,,,,,,,,,,,,,,,,,,,,
Washington,silvery lupine,,,,,,,,,,,,,,,,,,,,,,,,,,,,,,,,,
Washington,tailcup lupine,,,,,,,,,,,,,,,,,,,,,,,,,,,,,,,,,
Washington,broadleaf lupine,,,,,,,,,,,,,,,,,,,,,,,,,,,,,,,,,
Washington,Pacific lupine,,,,,,,,,,,,,,,,,,,,,,,,,,,,,,,,,
Washington,Nootka lupine,,,,,,,,,,,,,,,,,,,,,,,,,,,,,,,,,
Washington,silky lupine,,,,,,,,,,,,,,,,,,,,,,,,,,,,,,,,,
Washington,sulphur lupine,,,,,,,,,,,,,,,,,,,,,,,,,,,,,,,,,
Washington,nodding microseris,,,,,,,,,,,,,,,,,,,,,,,,,,,,,,,,,
Washington,yellow penstemon,,,,,,,,,,,,,,,,,,,,,,,,,,,,,,,,,
Washington,Venus penstemon,,,,,,,,,,,,,,,,,,,,,,,,,,,,,,,,,
Washington,arrowleaf sweet coltsfoot,,,,,,,,,,,,,,,,,,,,,,,,,,,,,,,,,
Washington,American pokeweed,,,,,,,,,,,,,,,,,,,,,,,,,,,,,,,,,
Washington,Davis' knotweed,,,,,,,,,,,,,,,,,,,,,,,,,,,,,,,,,
Washington,curvepod yellowcress,,,,,,,,,,,,,,,,,,,,,,,,,,,,,,,,,
Washington,gooseberryleaf globemallow,,,,,,,,,,,,,,,,,,,,,,,,,,,,,,,,,
Washington,yellow salsify,,,,,,,,,,,,,,,,,,,,,,,,,,,,,,,,,
Washington,salsify,,,,,,,,,,,,,,,,,,,,,,,,,,,,,,,,,
Washington,cows clover,,,,,,,,,,,,,,,,,,,,,,,,,,,,,,,,,
Washington,narrowleaf cattail,,,,,,,,,,,,,,,,,,,,,,,,,,,,,,,,,
West Virginia,wild sarsaparilla,,,,,,,,,,,,,,,,,,,,,,,,,,,,,,,,,
West Virginia,Jack in the pulpit,,,,,,,,,,,,,,,,,,,,,,,,,,,,,,,,,
West Virginia,butterfly milkweed,,,,,,,,,,,,,,,,,,,,,,,,,,,,,,,,,
West Virginia,bearded beggarticks,,,,,,,,,,,,,,,,,,,,,,,,,,,,,,,,,
West Virginia,marsh bellflower,,,,,,,,,,,,,,,,,,,,,,,,,,,,,,,,,
West Virginia,lanceleaf tickseed,,,,,,,,,,,,,,,,,,,,,,,,,,,,,,,,,
West Virginia,bunchberry dogwood,,,,,,,,,,,,,,,,,,,,,,,,,,,,,,,,,
West Virginia,panicledleaf ticktrefoil,,,,,,,,,,,,,,,,,,,,,,,,,,,,,,,,,
West Virginia,common sunflower,,,,,,,,,,,,,,,,,,,,,,,,,,,,,,,,,
West Virginia,hyacinthbean,,,,,,,,,,,,,,,,,,,,,,,,,,,,,,,,,
West Virginia,hairy lespedeza,,,,,,,,,,,,,,,,,,,,,,,,,,,,,,,,,
West Virginia,Virginia water horehound,,,,,,,,,,,,,,,,,,,,,,,,,,,,,,,,,
West Virginia,lanceleaf loosestrife,,,,,,,,,,,,,,,,,,,,,,,,,,,,,,,,,
West Virginia,yellow passionflower,,,,,,,,,,,,,,,,,,,,,,,,,,,,,,,,,
West Virginia,American pokeweed,,,,,,,,,,,,,,,,,,,,,,,,,,,,,,,,,
West Virginia,upright prairie coneflower,,,,,,,,,,,,,,,,,,,,,,,,,,,,,,,,,
West Virginia,pinnate prairie coneflower,,,,,,,,,,,,,,,,,,,,,,,,,,,,,,,,,
West Virginia,stalkless yellowcress,,,,,,,,,,,,,,,,,,,,,,,,,,,,,,,,,
West Virginia,yellow salsify,,,,,,,,,,,,,,,,,,,,,,,,,,,,,,,,,
West Virginia,salsify,,,,,,,,,,,,,,,,,,,,,,,,,,,,,,,,,
West Virginia,narrowleaf cattail,,,,,,,,,,,,,,,,,,,,,,,,,,,,,,,,,
Wisconsin,wild sarsaparilla,,,,,,,,,,,,,,,,,,,,,,,,,,,,,,,,,
Wisconsin,Jack in the pulpit,,,,,,,,,,,,,,,,,,,,,,,,,,,,,,,,,
Wisconsin,showy milkweed,,,,,,,,,,,,,,,,,,,,,,,,,,,,,,,,,
Wisconsin,butterfly milkweed,,,,,,,,,,,,,,,,,,,,,,,,,,,,,,,,,
Wisconsin,chickpea milkvetch,,,,,,,,,,,,,,,,,,,,,,,,,,,,,,,,,
Wisconsin,bearded beggarticks,,,,,,,,,,,,,,,,,,,,,,,,,,,,,,,,,
Wisconsin,marsh bellflower,,,,,,,,,,,,,,,,,,,,,,,,,,,,,,,,,
Wisconsin,red goosefoot,,,,,,,,,,,,,,,,,,,,,,,,,,,,,,,,,
Wisconsin,lanceleaf tickseed,,,,,,,,,,,,,,,,,,,,,,,,,,,,,,,,,
Wisconsin,bunchberry dogwood,,,,,,,,,,,,,,,,,,,,,,,,,,,,,,,,,
Wisconsin,Missouri gourd,,,,,,,,,,,,,,,,,,,,,,,,,,,,,,,,,
Wisconsin,American licorice,,,,,,,,,,,,,,,,,,,,,,,,,,,,,,,,,
Wisconsin,common sunflower,,,,,,,,,,,,,,,,,,,,,,,,,,,,,,,,,
Wisconsin,beach pea,,,,,,,,,,,,,,,,,,,,,,,,,,,,,,,,,
Wisconsin,Virginia water horehound,,,,,,,,,,,,,,,,,,,,,,,,,,,,,,,,,
Wisconsin,lanceleaf loosestrife,,,,,,,,,,,,,,,,,,,,,,,,,,,,,,,,,
Wisconsin,American lotus,,,,,,,,,,,,,,,,,,,,,,,,,,,,,,,,,
Wisconsin,arrowleaf sweet coltsfoot,,,,,,,,,,,,,,,,,,,,,,,,,,,,,,,,,
Wisconsin,American pokeweed,,,,,,,,,,,,,,,,,,,,,,,,,,,,,,,,,
Wisconsin,upright prairie coneflower,,,,,,,,,,,,,,,,,,,,,,,,,,,,,,,,,
Wisconsin,pinnate prairie coneflower,,,,,,,,,,,,,,,,,,,,,,,,,,,,,,,,,
Wisconsin,stalkless yellowcress,,,,,,,,,,,,,,,,,,,,,,,,,,,,,,,,,
Wisconsin,yellow salsify,,,,,,,,,,,,,,,,,,,,,,,,,,,,,,,,,
Wisconsin,salsify,,,,,,,,,,,,,,,,,,,,,,,,,,,,,,,,,
Wisconsin,narrowleaf cattail,,,,,,,,,,,,,,,,,,,,,,,,,,,,,,,,,
Wyoming,orange agoseris,,,,,,,,,,,,,,,,,,,,,,,,,,,,,,,,,
Wyoming,pale agoseris,,,,,,,,,,,,,,,,,,,,,,,,,,,,,,,,,
Wyoming,textile onion,,,,,,,,,,,,,,,,,,,,,,,,,,,,,,,,,
Wyoming,rush pussytoes,,,,,,,,,,,,,,,,,,,,,,,,,,,,,,,,,
Wyoming,western columbine,,,,,,,,,,,,,,,,,,,,,,,,,,,,,,,,,
Wyoming,wild sarsaparilla,,,,,,,,,,,,,,,,,,,,,,,,,,,,,,,,,
Wyoming,crested pricklypoppy,,,,,,,,,,,,,,,,,,,,,,,,,,,,,,,,,
Wyoming,showy milkweed,,,,,,,,,,,,,,,,,,,,,,,,,,,,,,,,,
Wyoming,purple milkvetch,,,,,,,,,,,,,,,,,,,,,,,,,,,,,,,,,
Wyoming,chickpea milkvetch,,,,,,,,,,,,,,,,,,,,,,,,,,,,,,,,,
Wyoming,freckled milkvetch,,,,,,,,,,,,,,,,,,,,,,,,,,,,,,,,,
Wyoming,marsh bellflower,,,,,,,,,,,,,,,,,,,,,,,,,,,,,,,,,
Wyoming,fireweed,,,,,,,,,,,,,,,,,,,,,,,,,,,,,,,,,
Wyoming,red goosefoot,,,,,,,,,,,,,,,,,,,,,,,,,,,,,,,,,
Wyoming,lanceleaf tickseed,,,,,,,,,,,,,,,,,,,,,,,,,,,,,,,,,
Wyoming,bunchberry dogwood,,,,,,,,,,,,,,,,,,,,,,,,,,,,,,,,,
Wyoming,Missouri gourd,,,,,,,,,,,,,,,,,,,,,,,,,,,,,,,,,
Wyoming,Sierra larkspur,,,,,,,,,,,,,,,,,,,,,,,,,,,,,,,,,
Wyoming,darkthroat shootingstar,,,,,,,,,,,,,,,,,,,,,,,,,,,,,,,,,
Wyoming,eightpetal mountain-avens,,,,,,,,,,,,,,,,,,,,,,,,,,,,,,,,,
Wyoming,sticky purple geranium,,,,,,,,,,,,,,,,,,,,,,,,,,,,,,,,,
Wyoming,American licorice,,,,,,,,,,,,,,,,,,,,,,,,,,,,,,,,,
Wyoming,common sunflower,,,,,,,,,,,,,,,,,,,,,,,,,,,,,,,,,
Wyoming,Nuttall's sunflower,,,,,,,,,,,,,,,,,,,,,,,,,,,,,,,,,
Wyoming,scarlet gilia,,,,,,,,,,,,,,,,,,,,,,,,,,,,,,,,,
Wyoming,Rocky Mountain iris,,,,,,,,,,,,,,,,,,,,,,,,,,,,,,,,,
Wyoming,fernleaf biscuitroot,,,,,,,,,,,,,,,,,,,,,,,,,,,,,,,,,
Wyoming,silvery lupine,,,,,,,,,,,,,,,,,,,,,,,,,,,,,,,,,
Wyoming,tailcup lupine,,,,,,,,,,,,,,,,,,,,,,,,,,,,,,,,,
Wyoming,silky lupine,,,,,,,,,,,,,,,,,,,,,,,,,,,,,,,,,
Wyoming,nodding microseris,,,,,,,,,,,,,,,,,,,,,,,,,,,,,,,,,
Wyoming,broadbeard beardtongue,,,,,,,,,,,,,,,,,,,,,,,,,,,,,,,,,
Wyoming,firecracker penstemon,,,,,,,,,,,,,,,,,,,,,,,,,,,,,,,,,
Wyoming,Rocky Mountain penstemon,,,,,,,,,,,,,,,,,,,,,,,,,,,,,,,,,
Wyoming,Whipple's penstemon,,,,,,,,,,,,,,,,,,,,,,,,,,,,,,,,,
Wyoming,arrowleaf sweet coltsfoot,,,,,,,,,,,,,,,,,,,,,,,,,,,,,,,,,
Wyoming,upright prairie coneflower,,,,,,,,,,,,,,,,,,,,,,,,,,,,,,,,,
Wyoming,curvepod yellowcress,,,,,,,,,,,,,,,,,,,,,,,,,,,,,,,,,
Wyoming,scarlet globemallow,,,,,,,,,,,,,,,,,,,,,,,,,,,,,,,,,
Wyoming,yellow salsify,,,,,,,,,,,,,,,,,,,,,,,,,,,,,,,,,
Wyoming,salsify,,,,,,,,,,,,,,,,,,,,,,,,,,,,,,,,,
Wyoming,cows clover,,,,,,,,,,,,,,,,,,,,,,,,,,,,,,,,,
Wyoming,narrowleaf cattail,,,,,,,,,,,,,,,,,,,,,,,,,,,,,,,,,
Wyoming,soapweed yucca,,,,,,,,,,,,,,,,,,,,,,,,,,,,,,,,,